PRAGMA foreign_keys=OFF;
BEGIN TRANSACTION;
CREATE TABLE IF NOT EXISTS "django_migrations" ("id" integer NOT NULL PRIMARY KEY AUTOINCREMENT, "app" varchar(255) NOT NULL, "name" varchar(255) NOT NULL, "applied" datetime NOT NULL);
INSERT INTO django_migrations VALUES(1,'contenttypes','0001_initial','2023-12-07 20:31:15.136163');
INSERT INTO django_migrations VALUES(2,'auth','0001_initial','2023-12-07 20:31:15.216082');
INSERT INTO django_migrations VALUES(3,'admin','0001_initial','2023-12-07 20:31:15.265877');
INSERT INTO django_migrations VALUES(4,'admin','0002_logentry_remove_auto_add','2023-12-07 20:31:15.312944');
INSERT INTO django_migrations VALUES(5,'admin','0003_logentry_add_action_flag_choices','2023-12-07 20:31:15.333962');
INSERT INTO django_migrations VALUES(6,'contenttypes','0002_remove_content_type_name','2023-12-07 20:31:15.396407');
INSERT INTO django_migrations VALUES(7,'auth','0002_alter_permission_name_max_length','2023-12-07 20:31:15.449050');
INSERT INTO django_migrations VALUES(8,'auth','0003_alter_user_email_max_length','2023-12-07 20:31:15.494169');
INSERT INTO django_migrations VALUES(9,'auth','0004_alter_user_username_opts','2023-12-07 20:31:15.521841');
INSERT INTO django_migrations VALUES(10,'auth','0005_alter_user_last_login_null','2023-12-07 20:31:15.580399');
INSERT INTO django_migrations VALUES(11,'auth','0006_require_contenttypes_0002','2023-12-07 20:31:15.595993');
INSERT INTO django_migrations VALUES(12,'auth','0007_alter_validators_add_error_messages','2023-12-07 20:31:15.624816');
INSERT INTO django_migrations VALUES(13,'auth','0008_alter_user_username_max_length','2023-12-07 20:31:15.676075');
INSERT INTO django_migrations VALUES(14,'auth','0009_alter_user_last_name_max_length','2023-12-07 20:31:15.718728');
INSERT INTO django_migrations VALUES(15,'auth','0010_alter_group_name_max_length','2023-12-07 20:31:15.757199');
INSERT INTO django_migrations VALUES(16,'auth','0011_update_proxy_permissions','2023-12-07 20:31:15.778777');
INSERT INTO django_migrations VALUES(17,'auth','0012_alter_user_first_name_max_length','2023-12-07 20:31:15.828967');
INSERT INTO django_migrations VALUES(18,'wagtailcore','0001_initial','2023-12-07 20:31:15.976224');
INSERT INTO django_migrations VALUES(19,'wagtailcore','0002_initial_data','2023-12-07 20:31:15.990737');
INSERT INTO django_migrations VALUES(20,'wagtailcore','0003_add_uniqueness_constraint_on_group_page_permission','2023-12-07 20:31:16.038615');
INSERT INTO django_migrations VALUES(21,'wagtailcore','0004_page_locked','2023-12-07 20:31:16.049898');
INSERT INTO django_migrations VALUES(22,'wagtailcore','0005_add_page_lock_permission_to_moderators','2023-12-07 20:31:16.075013');
INSERT INTO django_migrations VALUES(23,'wagtailcore','0006_add_lock_page_permission','2023-12-07 20:31:16.091363');
INSERT INTO django_migrations VALUES(24,'wagtailcore','0007_page_latest_revision_created_at','2023-12-07 20:31:16.106291');
INSERT INTO django_migrations VALUES(25,'wagtailcore','0008_populate_latest_revision_created_at','2023-12-07 20:31:16.121245');
INSERT INTO django_migrations VALUES(26,'wagtailcore','0009_remove_auto_now_add_from_pagerevision_created_at','2023-12-07 20:31:16.134765');
INSERT INTO django_migrations VALUES(27,'wagtailcore','0010_change_page_owner_to_null_on_delete','2023-12-07 20:31:16.149203');
INSERT INTO django_migrations VALUES(28,'wagtailcore','0011_page_first_published_at','2023-12-07 20:31:16.163179');
INSERT INTO django_migrations VALUES(29,'wagtailcore','0012_extend_page_slug_field','2023-12-07 20:31:16.178701');
INSERT INTO django_migrations VALUES(30,'wagtailcore','0013_update_golive_expire_help_text','2023-12-07 20:31:16.191913');
INSERT INTO django_migrations VALUES(31,'wagtailcore','0014_add_verbose_name','2023-12-07 20:31:16.206233');
INSERT INTO django_migrations VALUES(32,'wagtailcore','0015_add_more_verbose_names','2023-12-07 20:31:16.219427');
INSERT INTO django_migrations VALUES(33,'wagtailcore','0016_change_page_url_path_to_text_field','2023-12-07 20:31:16.233422');
INSERT INTO django_migrations VALUES(34,'wagtailcore','0017_change_edit_page_permission_description','2023-12-07 20:31:16.487114');
INSERT INTO django_migrations VALUES(35,'wagtailcore','0018_pagerevision_submitted_for_moderation_index','2023-12-07 20:31:16.534344');
INSERT INTO django_migrations VALUES(36,'wagtailcore','0019_verbose_names_cleanup','2023-12-07 20:31:16.597436');
INSERT INTO django_migrations VALUES(37,'wagtailcore','0020_add_index_on_page_first_published_at','2023-12-07 20:31:16.680854');
INSERT INTO django_migrations VALUES(38,'wagtailcore','0021_capitalizeverbose','2023-12-07 20:31:17.011385');
INSERT INTO django_migrations VALUES(39,'wagtailcore','0022_add_site_name','2023-12-07 20:31:17.067141');
INSERT INTO django_migrations VALUES(40,'wagtailcore','0023_alter_page_revision_on_delete_behaviour','2023-12-07 20:31:17.123243');
INSERT INTO django_migrations VALUES(41,'wagtailcore','0024_collection','2023-12-07 20:31:17.221456');
INSERT INTO django_migrations VALUES(42,'wagtailcore','0025_collection_initial_data','2023-12-07 20:31:17.313647');
INSERT INTO django_migrations VALUES(43,'wagtailcore','0026_group_collection_permission','2023-12-07 20:31:17.443487');
INSERT INTO django_migrations VALUES(44,'wagtailcore','0027_fix_collection_path_collation','2023-12-07 20:31:17.480004');
INSERT INTO django_migrations VALUES(45,'wagtailcore','0024_alter_page_content_type_on_delete_behaviour','2023-12-07 20:31:17.541837');
INSERT INTO django_migrations VALUES(46,'wagtailcore','0028_merge','2023-12-07 20:31:17.570923');
INSERT INTO django_migrations VALUES(47,'wagtailcore','0029_unicode_slugfield_dj19','2023-12-07 20:31:17.678122');
INSERT INTO django_migrations VALUES(48,'wagtailcore','0030_index_on_pagerevision_created_at','2023-12-07 20:31:17.722528');
INSERT INTO django_migrations VALUES(49,'wagtailcore','0031_add_page_view_restriction_types','2023-12-07 20:31:17.850749');
INSERT INTO django_migrations VALUES(50,'wagtailcore','0032_add_bulk_delete_page_permission','2023-12-07 20:31:17.888527');
INSERT INTO django_migrations VALUES(51,'wagtailcore','0033_remove_golive_expiry_help_text','2023-12-07 20:31:17.978130');
INSERT INTO django_migrations VALUES(52,'wagtailcore','0034_page_live_revision','2023-12-07 20:31:18.068540');
INSERT INTO django_migrations VALUES(53,'wagtailcore','0035_page_last_published_at','2023-12-07 20:31:18.131219');
INSERT INTO django_migrations VALUES(54,'wagtailcore','0036_populate_page_last_published_at','2023-12-07 20:31:18.186128');
INSERT INTO django_migrations VALUES(55,'wagtailcore','0037_set_page_owner_editable','2023-12-07 20:31:18.306276');
INSERT INTO django_migrations VALUES(56,'wagtailcore','0038_make_first_published_at_editable','2023-12-07 20:31:18.329408');
INSERT INTO django_migrations VALUES(57,'wagtailcore','0039_collectionviewrestriction','2023-12-07 20:31:18.464321');
INSERT INTO django_migrations VALUES(58,'wagtailcore','0040_page_draft_title','2023-12-07 20:31:18.546933');
INSERT INTO django_migrations VALUES(59,'home','0001_initial','2023-12-07 20:31:18.588413');
INSERT INTO django_migrations VALUES(60,'home','0002_create_homepage','2023-12-07 20:31:18.653029');
INSERT INTO django_migrations VALUES(61,'sessions','0001_initial','2023-12-07 20:31:18.684615');
INSERT INTO django_migrations VALUES(62,'taggit','0001_initial','2023-12-07 20:31:18.740436');
INSERT INTO django_migrations VALUES(63,'taggit','0002_auto_20150616_2121','2023-12-07 20:31:18.769321');
INSERT INTO django_migrations VALUES(64,'taggit','0003_taggeditem_add_unique_index','2023-12-07 20:31:18.795483');
INSERT INTO django_migrations VALUES(65,'taggit','0004_alter_taggeditem_content_type_alter_taggeditem_tag','2023-12-07 20:31:18.849432');
INSERT INTO django_migrations VALUES(66,'taggit','0005_auto_20220424_2025','2023-12-07 20:31:18.995693');
INSERT INTO django_migrations VALUES(67,'wagtailadmin','0001_create_admin_access_permissions','2023-12-07 20:31:19.045969');
INSERT INTO django_migrations VALUES(68,'wagtailadmin','0002_admin','2023-12-07 20:31:19.065008');
INSERT INTO django_migrations VALUES(69,'wagtailadmin','0003_admin_managed','2023-12-07 20:31:19.098075');
INSERT INTO django_migrations VALUES(70,'wagtailcore','0041_group_collection_permissions_verbose_name_plural','2023-12-07 20:31:19.127642');
INSERT INTO django_migrations VALUES(71,'wagtailcore','0042_index_on_pagerevision_approved_go_live_at','2023-12-07 20:31:19.190773');
INSERT INTO django_migrations VALUES(72,'wagtailcore','0043_lock_fields','2023-12-07 20:31:19.250450');
INSERT INTO django_migrations VALUES(73,'wagtailcore','0044_add_unlock_grouppagepermission','2023-12-07 20:31:19.296165');
INSERT INTO django_migrations VALUES(74,'wagtailcore','0045_assign_unlock_grouppagepermission','2023-12-07 20:31:19.359526');
INSERT INTO django_migrations VALUES(75,'wagtailcore','0046_site_name_remove_null','2023-12-07 20:31:19.402481');
INSERT INTO django_migrations VALUES(76,'wagtailcore','0047_add_workflow_models','2023-12-07 20:31:19.595606');
INSERT INTO django_migrations VALUES(77,'wagtailcore','0048_add_default_workflows','2023-12-07 20:31:19.683806');
INSERT INTO django_migrations VALUES(78,'wagtailcore','0049_taskstate_finished_by','2023-12-07 20:31:19.729277');
INSERT INTO django_migrations VALUES(79,'wagtailcore','0050_workflow_rejected_to_needs_changes','2023-12-07 20:31:19.863457');
INSERT INTO django_migrations VALUES(80,'wagtailcore','0051_taskstate_comment','2023-12-07 20:31:19.915489');
INSERT INTO django_migrations VALUES(81,'wagtailcore','0052_pagelogentry','2023-12-07 20:31:19.985915');
INSERT INTO django_migrations VALUES(82,'wagtailcore','0053_locale_model','2023-12-07 20:31:20.012338');
INSERT INTO django_migrations VALUES(83,'wagtailcore','0054_initial_locale','2023-12-07 20:31:20.056042');
INSERT INTO django_migrations VALUES(84,'wagtailcore','0055_page_locale_fields','2023-12-07 20:31:20.180545');
INSERT INTO django_migrations VALUES(85,'wagtailcore','0056_page_locale_fields_populate','2023-12-07 20:31:20.237612');
INSERT INTO django_migrations VALUES(86,'wagtailcore','0057_page_locale_fields_notnull','2023-12-07 20:31:20.331759');
INSERT INTO django_migrations VALUES(87,'wagtailcore','0058_page_alias_of','2023-12-07 20:31:20.383772');
INSERT INTO django_migrations VALUES(88,'wagtailcore','0059_apply_collection_ordering','2023-12-07 20:31:20.431180');
INSERT INTO django_migrations VALUES(89,'wagtailcore','0060_fix_workflow_unique_constraint','2023-12-07 20:31:20.490486');
INSERT INTO django_migrations VALUES(90,'wagtailcore','0061_change_promote_tab_helpt_text_and_verbose_names','2023-12-07 20:31:20.534545');
INSERT INTO django_migrations VALUES(91,'wagtailcore','0062_comment_models_and_pagesubscription','2023-12-07 20:31:20.658862');
INSERT INTO django_migrations VALUES(92,'wagtailcore','0063_modellogentry','2023-12-07 20:31:20.724312');
INSERT INTO django_migrations VALUES(93,'wagtailcore','0064_log_timestamp_indexes','2023-12-07 20:31:20.805181');
INSERT INTO django_migrations VALUES(94,'wagtailcore','0065_log_entry_uuid','2023-12-07 20:31:20.856496');
INSERT INTO django_migrations VALUES(95,'wagtailcore','0066_collection_management_permissions','2023-12-07 20:31:20.980809');
INSERT INTO django_migrations VALUES(96,'wagtailcore','0067_alter_pagerevision_content_json','2023-12-07 20:31:21.054855');
INSERT INTO django_migrations VALUES(97,'wagtailcore','0068_log_entry_empty_object','2023-12-07 20:31:21.098912');
INSERT INTO django_migrations VALUES(98,'wagtailcore','0069_log_entry_jsonfield','2023-12-07 20:31:21.231565');
INSERT INTO django_migrations VALUES(99,'wagtailcore','0070_rename_pagerevision_revision','2023-12-07 20:31:21.948997');
INSERT INTO django_migrations VALUES(100,'wagtailcore','0071_populate_revision_content_type','2023-12-07 20:31:21.991209');
INSERT INTO django_migrations VALUES(101,'wagtailcore','0072_alter_revision_content_type_notnull','2023-12-07 20:31:22.106727');
INSERT INTO django_migrations VALUES(102,'wagtailcore','0073_page_latest_revision','2023-12-07 20:31:22.178096');
INSERT INTO django_migrations VALUES(103,'wagtailcore','0074_revision_object_str','2023-12-07 20:31:22.249838');
INSERT INTO django_migrations VALUES(104,'wagtailcore','0075_populate_latest_revision_and_revision_object_str','2023-12-07 20:31:22.499733');
INSERT INTO django_migrations VALUES(105,'wagtailcore','0076_modellogentry_revision','2023-12-07 20:31:22.554494');
INSERT INTO django_migrations VALUES(106,'wagtailcore','0077_alter_revision_user','2023-12-07 20:31:22.609888');
INSERT INTO django_migrations VALUES(107,'wagtailcore','0078_referenceindex','2023-12-07 20:31:22.674731');
INSERT INTO django_migrations VALUES(108,'wagtailcore','0079_rename_taskstate_page_revision','2023-12-07 20:31:22.734075');
INSERT INTO django_migrations VALUES(109,'wagtailcore','0080_generic_workflowstate','2023-12-07 20:31:22.921047');
INSERT INTO django_migrations VALUES(110,'wagtailcore','0081_populate_workflowstate_content_type','2023-12-07 20:31:23.006490');
INSERT INTO django_migrations VALUES(111,'wagtailcore','0082_alter_workflowstate_content_type_notnull','2023-12-07 20:31:23.143828');
INSERT INTO django_migrations VALUES(112,'wagtailcore','0083_workflowcontenttype','2023-12-07 20:31:23.243367');
INSERT INTO django_migrations VALUES(113,'wagtailcore','0084_add_default_page_permissions','2023-12-07 20:31:23.284878');
INSERT INTO django_migrations VALUES(114,'wagtailcore','0085_add_grouppagepermission_permission','2023-12-07 20:31:23.459127');
INSERT INTO django_migrations VALUES(115,'wagtailcore','0086_populate_grouppagepermission_permission','2023-12-07 20:31:23.563686');
INSERT INTO django_migrations VALUES(116,'wagtailcore','0087_alter_grouppagepermission_unique_together_and_more','2023-12-07 20:31:23.698883');
INSERT INTO django_migrations VALUES(117,'wagtailcore','0088_fix_log_entry_json_timestamps','2023-12-07 20:31:23.795480');
INSERT INTO django_migrations VALUES(118,'wagtailcore','0089_log_entry_data_json_null_to_object','2023-12-07 20:31:23.832345');
INSERT INTO django_migrations VALUES(119,'wagtaildocs','0001_initial','2023-12-07 20:31:23.908084');
INSERT INTO django_migrations VALUES(120,'wagtaildocs','0002_initial_data','2023-12-07 20:31:23.971759');
INSERT INTO django_migrations VALUES(121,'wagtaildocs','0003_add_verbose_names','2023-12-07 20:31:24.037790');
INSERT INTO django_migrations VALUES(122,'wagtaildocs','0004_capitalizeverbose','2023-12-07 20:31:24.170577');
INSERT INTO django_migrations VALUES(123,'wagtaildocs','0005_document_collection','2023-12-07 20:31:24.289079');
INSERT INTO django_migrations VALUES(124,'wagtaildocs','0006_copy_document_permissions_to_collections','2023-12-07 20:31:24.334970');
INSERT INTO django_migrations VALUES(125,'wagtaildocs','0005_alter_uploaded_by_user_on_delete_action','2023-12-07 20:31:24.374988');
INSERT INTO django_migrations VALUES(126,'wagtaildocs','0007_merge','2023-12-07 20:31:24.391833');
INSERT INTO django_migrations VALUES(127,'wagtaildocs','0008_document_file_size','2023-12-07 20:31:24.455297');
INSERT INTO django_migrations VALUES(128,'wagtaildocs','0009_document_verbose_name_plural','2023-12-07 20:31:24.497105');
INSERT INTO django_migrations VALUES(129,'wagtaildocs','0010_document_file_hash','2023-12-07 20:31:24.565937');
INSERT INTO django_migrations VALUES(130,'wagtaildocs','0011_add_choose_permissions','2023-12-07 20:31:24.682179');
INSERT INTO django_migrations VALUES(131,'wagtaildocs','0012_uploadeddocument','2023-12-07 20:31:24.730762');
INSERT INTO django_migrations VALUES(132,'wagtailembeds','0001_initial','2023-12-07 20:31:24.767060');
INSERT INTO django_migrations VALUES(133,'wagtailembeds','0002_add_verbose_names','2023-12-07 20:31:24.785499');
INSERT INTO django_migrations VALUES(134,'wagtailembeds','0003_capitalizeverbose','2023-12-07 20:31:24.812171');
INSERT INTO django_migrations VALUES(135,'wagtailembeds','0004_embed_verbose_name_plural','2023-12-07 20:31:24.838821');
INSERT INTO django_migrations VALUES(136,'wagtailembeds','0005_specify_thumbnail_url_max_length','2023-12-07 20:31:24.886328');
INSERT INTO django_migrations VALUES(137,'wagtailembeds','0006_add_embed_hash','2023-12-07 20:31:24.926451');
INSERT INTO django_migrations VALUES(138,'wagtailembeds','0007_populate_hash','2023-12-07 20:31:24.993446');
INSERT INTO django_migrations VALUES(139,'wagtailembeds','0008_allow_long_urls','2023-12-07 20:31:25.093098');
INSERT INTO django_migrations VALUES(140,'wagtailembeds','0009_embed_cache_until','2023-12-07 20:31:25.124889');
INSERT INTO django_migrations VALUES(141,'wagtailforms','0001_initial','2023-12-07 20:31:25.207073');
INSERT INTO django_migrations VALUES(142,'wagtailforms','0002_add_verbose_names','2023-12-07 20:31:25.310322');
INSERT INTO django_migrations VALUES(143,'wagtailforms','0003_capitalizeverbose','2023-12-07 20:31:25.384706');
INSERT INTO django_migrations VALUES(144,'wagtailforms','0004_add_verbose_name_plural','2023-12-07 20:31:25.432684');
INSERT INTO django_migrations VALUES(145,'wagtailforms','0005_alter_formsubmission_form_data','2023-12-07 20:31:25.512080');
INSERT INTO django_migrations VALUES(146,'wagtailimages','0001_initial','2023-12-07 20:31:25.848957');
INSERT INTO django_migrations VALUES(147,'wagtailimages','0002_initial_data','2023-12-07 20:31:25.864315');
INSERT INTO django_migrations VALUES(148,'wagtailimages','0003_fix_focal_point_fields','2023-12-07 20:31:25.878441');
INSERT INTO django_migrations VALUES(149,'wagtailimages','0004_make_focal_point_key_not_nullable','2023-12-07 20:31:25.905756');
INSERT INTO django_migrations VALUES(150,'wagtailimages','0005_make_filter_spec_unique','2023-12-07 20:31:25.923646');
INSERT INTO django_migrations VALUES(151,'wagtailimages','0006_add_verbose_names','2023-12-07 20:31:25.937330');
INSERT INTO django_migrations VALUES(152,'wagtailimages','0007_image_file_size','2023-12-07 20:31:25.950297');
INSERT INTO django_migrations VALUES(153,'wagtailimages','0008_image_created_at_index','2023-12-07 20:31:25.962417');
INSERT INTO django_migrations VALUES(154,'wagtailimages','0009_capitalizeverbose','2023-12-07 20:31:25.975229');
INSERT INTO django_migrations VALUES(155,'wagtailimages','0010_change_on_delete_behaviour','2023-12-07 20:31:25.989793');
INSERT INTO django_migrations VALUES(156,'wagtailimages','0011_image_collection','2023-12-07 20:31:26.001999');
INSERT INTO django_migrations VALUES(157,'wagtailimages','0012_copy_image_permissions_to_collections','2023-12-07 20:31:26.013940');
INSERT INTO django_migrations VALUES(158,'wagtailimages','0013_make_rendition_upload_callable','2023-12-07 20:31:26.025889');
INSERT INTO django_migrations VALUES(159,'wagtailimages','0014_add_filter_spec_field','2023-12-07 20:31:26.038267');
INSERT INTO django_migrations VALUES(160,'wagtailimages','0015_fill_filter_spec_field','2023-12-07 20:31:26.054771');
INSERT INTO django_migrations VALUES(161,'wagtailimages','0016_deprecate_rendition_filter_relation','2023-12-07 20:31:26.076507');
INSERT INTO django_migrations VALUES(162,'wagtailimages','0017_reduce_focal_point_key_max_length','2023-12-07 20:31:26.110948');
INSERT INTO django_migrations VALUES(163,'wagtailimages','0018_remove_rendition_filter','2023-12-07 20:31:26.136467');
INSERT INTO django_migrations VALUES(164,'wagtailimages','0019_delete_filter','2023-12-07 20:31:26.154388');
INSERT INTO django_migrations VALUES(165,'wagtailimages','0020_add-verbose-name','2023-12-07 20:31:26.174511');
INSERT INTO django_migrations VALUES(166,'wagtailimages','0021_image_file_hash','2023-12-07 20:31:26.190104');
INSERT INTO django_migrations VALUES(167,'wagtailimages','0022_uploadedimage','2023-12-07 20:31:26.287785');
INSERT INTO django_migrations VALUES(168,'wagtailimages','0023_add_choose_permissions','2023-12-07 20:31:26.525932');
INSERT INTO django_migrations VALUES(169,'wagtailimages','0024_index_image_file_hash','2023-12-07 20:31:26.607641');
INSERT INTO django_migrations VALUES(170,'wagtailimages','0025_alter_image_file_alter_rendition_file','2023-12-07 20:31:26.683441');
INSERT INTO django_migrations VALUES(171,'wagtailredirects','0001_initial','2023-12-07 20:31:26.748362');
INSERT INTO django_migrations VALUES(172,'wagtailredirects','0002_add_verbose_names','2023-12-07 20:31:26.819396');
INSERT INTO django_migrations VALUES(173,'wagtailredirects','0003_make_site_field_editable','2023-12-07 20:31:26.869005');
INSERT INTO django_migrations VALUES(174,'wagtailredirects','0004_set_unique_on_path_and_site','2023-12-07 20:31:26.945889');
INSERT INTO django_migrations VALUES(175,'wagtailredirects','0005_capitalizeverbose','2023-12-07 20:31:27.080764');
INSERT INTO django_migrations VALUES(176,'wagtailredirects','0006_redirect_increase_max_length','2023-12-07 20:31:27.267881');
INSERT INTO django_migrations VALUES(177,'wagtailredirects','0007_add_autocreate_fields','2023-12-07 20:31:27.360925');
INSERT INTO django_migrations VALUES(178,'wagtailredirects','0008_add_verbose_name_plural','2023-12-07 20:31:27.382243');
INSERT INTO django_migrations VALUES(179,'wagtailsearch','0001_initial','2023-12-07 20:31:27.489488');
INSERT INTO django_migrations VALUES(180,'wagtailsearch','0002_add_verbose_names','2023-12-07 20:31:27.552385');
INSERT INTO django_migrations VALUES(181,'wagtailsearch','0003_remove_editors_pick','2023-12-07 20:31:27.578988');
INSERT INTO django_migrations VALUES(182,'wagtailsearch','0004_querydailyhits_verbose_name_plural','2023-12-07 20:31:27.597071');
INSERT INTO django_migrations VALUES(183,'wagtailsearch','0005_create_indexentry','2023-12-07 20:31:27.733958');
INSERT INTO django_migrations VALUES(184,'wagtailsearch','0006_customise_indexentry','2023-12-07 20:31:27.830856');
INSERT INTO django_migrations VALUES(185,'wagtailsearch','0007_delete_editorspick','2023-12-07 20:31:27.857305');
INSERT INTO django_migrations VALUES(186,'wagtailusers','0001_initial','2023-12-07 20:31:27.912877');
INSERT INTO django_migrations VALUES(187,'wagtailusers','0002_add_verbose_name_on_userprofile','2023-12-07 20:31:27.969155');
INSERT INTO django_migrations VALUES(188,'wagtailusers','0003_add_verbose_names','2023-12-07 20:31:28.010002');
INSERT INTO django_migrations VALUES(189,'wagtailusers','0004_capitalizeverbose','2023-12-07 20:31:28.164863');
INSERT INTO django_migrations VALUES(190,'wagtailusers','0005_make_related_name_wagtail_specific','2023-12-07 20:31:28.273454');
INSERT INTO django_migrations VALUES(191,'wagtailusers','0006_userprofile_prefered_language','2023-12-07 20:31:28.340126');
INSERT INTO django_migrations VALUES(192,'wagtailusers','0007_userprofile_current_time_zone','2023-12-07 20:31:28.383400');
INSERT INTO django_migrations VALUES(193,'wagtailusers','0008_userprofile_avatar','2023-12-07 20:31:28.440055');
INSERT INTO django_migrations VALUES(194,'wagtailusers','0009_userprofile_verbose_name_plural','2023-12-07 20:31:28.470476');
INSERT INTO django_migrations VALUES(195,'wagtailusers','0010_userprofile_updated_comments_notifications','2023-12-07 20:31:28.524230');
INSERT INTO django_migrations VALUES(196,'wagtailusers','0011_userprofile_dismissibles','2023-12-07 20:31:28.586494');
INSERT INTO django_migrations VALUES(197,'wagtailusers','0012_userprofile_theme','2023-12-07 20:31:28.631579');
INSERT INTO django_migrations VALUES(198,'wagtailimages','0001_squashed_0021','2023-12-07 20:31:28.648269');
INSERT INTO django_migrations VALUES(199,'wagtailcore','0001_squashed_0016_change_page_url_path_to_text_field','2023-12-07 20:31:28.670600');
CREATE TABLE IF NOT EXISTS "auth_group_permissions" ("id" integer NOT NULL PRIMARY KEY AUTOINCREMENT, "group_id" integer NOT NULL REFERENCES "auth_group" ("id") DEFERRABLE INITIALLY DEFERRED, "permission_id" integer NOT NULL REFERENCES "auth_permission" ("id") DEFERRABLE INITIALLY DEFERRED);
INSERT INTO auth_group_permissions VALUES(1,2,1);
INSERT INTO auth_group_permissions VALUES(2,1,1);
INSERT INTO auth_group_permissions VALUES(3,2,98);
INSERT INTO auth_group_permissions VALUES(4,2,99);
INSERT INTO auth_group_permissions VALUES(5,2,100);
INSERT INTO auth_group_permissions VALUES(6,1,98);
INSERT INTO auth_group_permissions VALUES(7,1,99);
INSERT INTO auth_group_permissions VALUES(8,1,100);
INSERT INTO auth_group_permissions VALUES(9,2,101);
INSERT INTO auth_group_permissions VALUES(10,1,101);
INSERT INTO auth_group_permissions VALUES(11,2,104);
INSERT INTO auth_group_permissions VALUES(12,2,102);
INSERT INTO auth_group_permissions VALUES(13,2,103);
INSERT INTO auth_group_permissions VALUES(14,1,104);
INSERT INTO auth_group_permissions VALUES(15,1,102);
INSERT INTO auth_group_permissions VALUES(16,1,103);
INSERT INTO auth_group_permissions VALUES(17,2,105);
INSERT INTO auth_group_permissions VALUES(18,1,105);
CREATE TABLE IF NOT EXISTS "auth_user_groups" ("id" integer NOT NULL PRIMARY KEY AUTOINCREMENT, "user_id" integer NOT NULL REFERENCES "auth_user" ("id") DEFERRABLE INITIALLY DEFERRED, "group_id" integer NOT NULL REFERENCES "auth_group" ("id") DEFERRABLE INITIALLY DEFERRED);
CREATE TABLE IF NOT EXISTS "auth_user_user_permissions" ("id" integer NOT NULL PRIMARY KEY AUTOINCREMENT, "user_id" integer NOT NULL REFERENCES "auth_user" ("id") DEFERRABLE INITIALLY DEFERRED, "permission_id" integer NOT NULL REFERENCES "auth_permission" ("id") DEFERRABLE INITIALLY DEFERRED);
CREATE TABLE IF NOT EXISTS "django_admin_log" ("id" integer NOT NULL PRIMARY KEY AUTOINCREMENT, "object_id" text NULL, "object_repr" varchar(200) NOT NULL, "action_flag" smallint unsigned NOT NULL CHECK ("action_flag" >= 0), "change_message" text NOT NULL, "content_type_id" integer NULL REFERENCES "django_content_type" ("id") DEFERRABLE INITIALLY DEFERRED, "user_id" integer NOT NULL REFERENCES "auth_user" ("id") DEFERRABLE INITIALLY DEFERRED, "action_time" datetime NOT NULL);
CREATE TABLE IF NOT EXISTS "django_content_type" ("id" integer NOT NULL PRIMARY KEY AUTOINCREMENT, "app_label" varchar(100) NOT NULL, "model" varchar(100) NOT NULL);
INSERT INTO django_content_type VALUES(1,'wagtailcore','page');
INSERT INTO django_content_type VALUES(2,'home','homepage');
INSERT INTO django_content_type VALUES(3,'wagtailadmin','admin');
INSERT INTO django_content_type VALUES(4,'wagtailcore','groupapprovaltask');
INSERT INTO django_content_type VALUES(5,'wagtailcore','locale');
INSERT INTO django_content_type VALUES(6,'wagtailcore','site');
INSERT INTO django_content_type VALUES(7,'wagtailcore','modellogentry');
INSERT INTO django_content_type VALUES(8,'wagtailcore','collectionviewrestriction');
INSERT INTO django_content_type VALUES(9,'wagtailcore','collection');
INSERT INTO django_content_type VALUES(10,'wagtailcore','groupcollectionpermission');
INSERT INTO django_content_type VALUES(11,'wagtailcore','referenceindex');
INSERT INTO django_content_type VALUES(12,'wagtailcore','revision');
INSERT INTO django_content_type VALUES(13,'wagtailcore','grouppagepermission');
INSERT INTO django_content_type VALUES(14,'wagtailcore','pageviewrestriction');
INSERT INTO django_content_type VALUES(15,'wagtailcore','workflowpage');
INSERT INTO django_content_type VALUES(16,'wagtailcore','workflowcontenttype');
INSERT INTO django_content_type VALUES(17,'wagtailcore','workflowtask');
INSERT INTO django_content_type VALUES(18,'wagtailcore','task');
INSERT INTO django_content_type VALUES(19,'wagtailcore','workflow');
INSERT INTO django_content_type VALUES(20,'wagtailcore','workflowstate');
INSERT INTO django_content_type VALUES(21,'wagtailcore','taskstate');
INSERT INTO django_content_type VALUES(22,'wagtailcore','pagelogentry');
INSERT INTO django_content_type VALUES(23,'wagtailcore','comment');
INSERT INTO django_content_type VALUES(24,'wagtailcore','commentreply');
INSERT INTO django_content_type VALUES(25,'wagtailcore','pagesubscription');
INSERT INTO django_content_type VALUES(26,'wagtaildocs','document');
INSERT INTO django_content_type VALUES(27,'wagtailimages','image');
INSERT INTO django_content_type VALUES(28,'wagtailforms','formsubmission');
INSERT INTO django_content_type VALUES(29,'wagtailredirects','redirect');
INSERT INTO django_content_type VALUES(30,'wagtailembeds','embed');
INSERT INTO django_content_type VALUES(31,'wagtailusers','userprofile');
INSERT INTO django_content_type VALUES(32,'wagtaildocs','uploadeddocument');
INSERT INTO django_content_type VALUES(33,'wagtailimages','rendition');
INSERT INTO django_content_type VALUES(34,'wagtailimages','uploadedimage');
INSERT INTO django_content_type VALUES(35,'wagtailsearch','query');
INSERT INTO django_content_type VALUES(36,'wagtailsearch','querydailyhits');
INSERT INTO django_content_type VALUES(37,'wagtailsearch','indexentry');
INSERT INTO django_content_type VALUES(38,'wagtailsearch','sqliteftsindexentry');
INSERT INTO django_content_type VALUES(39,'taggit','tag');
INSERT INTO django_content_type VALUES(40,'taggit','taggeditem');
INSERT INTO django_content_type VALUES(41,'admin','logentry');
INSERT INTO django_content_type VALUES(42,'auth','permission');
INSERT INTO django_content_type VALUES(43,'auth','group');
INSERT INTO django_content_type VALUES(44,'auth','user');
INSERT INTO django_content_type VALUES(45,'contenttypes','contenttype');
INSERT INTO django_content_type VALUES(46,'sessions','session');
CREATE TABLE IF NOT EXISTS "auth_permission" ("id" integer NOT NULL PRIMARY KEY AUTOINCREMENT, "content_type_id" integer NOT NULL REFERENCES "django_content_type" ("id") DEFERRABLE INITIALLY DEFERRED, "codename" varchar(100) NOT NULL, "name" varchar(255) NOT NULL);
INSERT INTO auth_permission VALUES(1,3,'access_admin','Can access Wagtail admin');
INSERT INTO auth_permission VALUES(2,5,'add_locale','Can add locale');
INSERT INTO auth_permission VALUES(3,5,'change_locale','Can change locale');
INSERT INTO auth_permission VALUES(4,5,'delete_locale','Can delete locale');
INSERT INTO auth_permission VALUES(5,5,'view_locale','Can view locale');
INSERT INTO auth_permission VALUES(6,6,'add_site','Can add site');
INSERT INTO auth_permission VALUES(7,6,'change_site','Can change site');
INSERT INTO auth_permission VALUES(8,6,'delete_site','Can delete site');
INSERT INTO auth_permission VALUES(9,6,'view_site','Can view site');
INSERT INTO auth_permission VALUES(10,7,'add_modellogentry','Can add model log entry');
INSERT INTO auth_permission VALUES(11,7,'change_modellogentry','Can change model log entry');
INSERT INTO auth_permission VALUES(12,7,'delete_modellogentry','Can delete model log entry');
INSERT INTO auth_permission VALUES(13,7,'view_modellogentry','Can view model log entry');
INSERT INTO auth_permission VALUES(14,8,'add_collectionviewrestriction','Can add collection view restriction');
INSERT INTO auth_permission VALUES(15,8,'change_collectionviewrestriction','Can change collection view restriction');
INSERT INTO auth_permission VALUES(16,8,'delete_collectionviewrestriction','Can delete collection view restriction');
INSERT INTO auth_permission VALUES(17,8,'view_collectionviewrestriction','Can view collection view restriction');
INSERT INTO auth_permission VALUES(18,9,'add_collection','Can add collection');
INSERT INTO auth_permission VALUES(19,9,'change_collection','Can change collection');
INSERT INTO auth_permission VALUES(20,9,'delete_collection','Can delete collection');
INSERT INTO auth_permission VALUES(21,9,'view_collection','Can view collection');
INSERT INTO auth_permission VALUES(22,10,'add_groupcollectionpermission','Can add group collection permission');
INSERT INTO auth_permission VALUES(23,10,'change_groupcollectionpermission','Can change group collection permission');
INSERT INTO auth_permission VALUES(24,10,'delete_groupcollectionpermission','Can delete group collection permission');
INSERT INTO auth_permission VALUES(25,10,'view_groupcollectionpermission','Can view group collection permission');
INSERT INTO auth_permission VALUES(26,11,'add_referenceindex','Can add reference index');
INSERT INTO auth_permission VALUES(27,11,'change_referenceindex','Can change reference index');
INSERT INTO auth_permission VALUES(28,11,'delete_referenceindex','Can delete reference index');
INSERT INTO auth_permission VALUES(29,11,'view_referenceindex','Can view reference index');
INSERT INTO auth_permission VALUES(30,1,'add_page','Can add page');
INSERT INTO auth_permission VALUES(31,1,'change_page','Can change page');
INSERT INTO auth_permission VALUES(32,1,'delete_page','Can delete page');
INSERT INTO auth_permission VALUES(33,1,'view_page','Can view page');
INSERT INTO auth_permission VALUES(34,1,'bulk_delete_page','Delete pages with children');
INSERT INTO auth_permission VALUES(35,1,'lock_page','Lock/unlock pages you''ve locked');
INSERT INTO auth_permission VALUES(36,1,'publish_page','Publish any page');
INSERT INTO auth_permission VALUES(37,1,'unlock_page','Unlock any page');
INSERT INTO auth_permission VALUES(38,12,'add_revision','Can add revision');
INSERT INTO auth_permission VALUES(39,12,'change_revision','Can change revision');
INSERT INTO auth_permission VALUES(40,12,'delete_revision','Can delete revision');
INSERT INTO auth_permission VALUES(41,12,'view_revision','Can view revision');
INSERT INTO auth_permission VALUES(42,13,'add_grouppagepermission','Can add group page permission');
INSERT INTO auth_permission VALUES(43,13,'change_grouppagepermission','Can change group page permission');
INSERT INTO auth_permission VALUES(44,13,'delete_grouppagepermission','Can delete group page permission');
INSERT INTO auth_permission VALUES(45,13,'view_grouppagepermission','Can view group page permission');
INSERT INTO auth_permission VALUES(46,14,'add_pageviewrestriction','Can add page view restriction');
INSERT INTO auth_permission VALUES(47,14,'change_pageviewrestriction','Can change page view restriction');
INSERT INTO auth_permission VALUES(48,14,'delete_pageviewrestriction','Can delete page view restriction');
INSERT INTO auth_permission VALUES(49,14,'view_pageviewrestriction','Can view page view restriction');
INSERT INTO auth_permission VALUES(50,15,'add_workflowpage','Can add workflow page');
INSERT INTO auth_permission VALUES(51,15,'change_workflowpage','Can change workflow page');
INSERT INTO auth_permission VALUES(52,15,'delete_workflowpage','Can delete workflow page');
INSERT INTO auth_permission VALUES(53,15,'view_workflowpage','Can view workflow page');
INSERT INTO auth_permission VALUES(54,16,'add_workflowcontenttype','Can add workflow content type');
INSERT INTO auth_permission VALUES(55,16,'change_workflowcontenttype','Can change workflow content type');
INSERT INTO auth_permission VALUES(56,16,'delete_workflowcontenttype','Can delete workflow content type');
INSERT INTO auth_permission VALUES(57,16,'view_workflowcontenttype','Can view workflow content type');
INSERT INTO auth_permission VALUES(58,17,'add_workflowtask','Can add workflow task order');
INSERT INTO auth_permission VALUES(59,17,'change_workflowtask','Can change workflow task order');
INSERT INTO auth_permission VALUES(60,17,'delete_workflowtask','Can delete workflow task order');
INSERT INTO auth_permission VALUES(61,17,'view_workflowtask','Can view workflow task order');
INSERT INTO auth_permission VALUES(62,18,'add_task','Can add task');
INSERT INTO auth_permission VALUES(63,18,'change_task','Can change task');
INSERT INTO auth_permission VALUES(64,18,'delete_task','Can delete task');
INSERT INTO auth_permission VALUES(65,18,'view_task','Can view task');
INSERT INTO auth_permission VALUES(66,19,'add_workflow','Can add workflow');
INSERT INTO auth_permission VALUES(67,19,'change_workflow','Can change workflow');
INSERT INTO auth_permission VALUES(68,19,'delete_workflow','Can delete workflow');
INSERT INTO auth_permission VALUES(69,19,'view_workflow','Can view workflow');
INSERT INTO auth_permission VALUES(70,4,'add_groupapprovaltask','Can add Group approval task');
INSERT INTO auth_permission VALUES(71,4,'change_groupapprovaltask','Can change Group approval task');
INSERT INTO auth_permission VALUES(72,4,'delete_groupapprovaltask','Can delete Group approval task');
INSERT INTO auth_permission VALUES(73,4,'view_groupapprovaltask','Can view Group approval task');
INSERT INTO auth_permission VALUES(74,20,'add_workflowstate','Can add Workflow state');
INSERT INTO auth_permission VALUES(75,20,'change_workflowstate','Can change Workflow state');
INSERT INTO auth_permission VALUES(76,20,'delete_workflowstate','Can delete Workflow state');
INSERT INTO auth_permission VALUES(77,20,'view_workflowstate','Can view Workflow state');
INSERT INTO auth_permission VALUES(78,21,'add_taskstate','Can add Task state');
INSERT INTO auth_permission VALUES(79,21,'change_taskstate','Can change Task state');
INSERT INTO auth_permission VALUES(80,21,'delete_taskstate','Can delete Task state');
INSERT INTO auth_permission VALUES(81,21,'view_taskstate','Can view Task state');
INSERT INTO auth_permission VALUES(82,22,'add_pagelogentry','Can add page log entry');
INSERT INTO auth_permission VALUES(83,22,'change_pagelogentry','Can change page log entry');
INSERT INTO auth_permission VALUES(84,22,'delete_pagelogentry','Can delete page log entry');
INSERT INTO auth_permission VALUES(85,22,'view_pagelogentry','Can view page log entry');
INSERT INTO auth_permission VALUES(86,23,'add_comment','Can add comment');
INSERT INTO auth_permission VALUES(87,23,'change_comment','Can change comment');
INSERT INTO auth_permission VALUES(88,23,'delete_comment','Can delete comment');
INSERT INTO auth_permission VALUES(89,23,'view_comment','Can view comment');
INSERT INTO auth_permission VALUES(90,24,'add_commentreply','Can add comment reply');
INSERT INTO auth_permission VALUES(91,24,'change_commentreply','Can change comment reply');
INSERT INTO auth_permission VALUES(92,24,'delete_commentreply','Can delete comment reply');
INSERT INTO auth_permission VALUES(93,24,'view_commentreply','Can view comment reply');
INSERT INTO auth_permission VALUES(94,25,'add_pagesubscription','Can add page subscription');
INSERT INTO auth_permission VALUES(95,25,'change_pagesubscription','Can change page subscription');
INSERT INTO auth_permission VALUES(96,25,'delete_pagesubscription','Can delete page subscription');
INSERT INTO auth_permission VALUES(97,25,'view_pagesubscription','Can view page subscription');
INSERT INTO auth_permission VALUES(98,26,'add_document','Can add document');
INSERT INTO auth_permission VALUES(99,26,'change_document','Can change document');
INSERT INTO auth_permission VALUES(100,26,'delete_document','Can delete document');
INSERT INTO auth_permission VALUES(101,26,'choose_document','Can choose document');
INSERT INTO auth_permission VALUES(102,27,'add_image','Can add image');
INSERT INTO auth_permission VALUES(103,27,'change_image','Can change image');
INSERT INTO auth_permission VALUES(104,27,'delete_image','Can delete image');
INSERT INTO auth_permission VALUES(105,27,'choose_image','Can choose image');
INSERT INTO auth_permission VALUES(106,2,'add_homepage','Can add home page');
INSERT INTO auth_permission VALUES(107,2,'change_homepage','Can change home page');
INSERT INTO auth_permission VALUES(108,2,'delete_homepage','Can delete home page');
INSERT INTO auth_permission VALUES(109,2,'view_homepage','Can view home page');
INSERT INTO auth_permission VALUES(110,28,'add_formsubmission','Can add form submission');
INSERT INTO auth_permission VALUES(111,28,'change_formsubmission','Can change form submission');
INSERT INTO auth_permission VALUES(112,28,'delete_formsubmission','Can delete form submission');
INSERT INTO auth_permission VALUES(113,28,'view_formsubmission','Can view form submission');
INSERT INTO auth_permission VALUES(114,29,'add_redirect','Can add redirect');
INSERT INTO auth_permission VALUES(115,29,'change_redirect','Can change redirect');
INSERT INTO auth_permission VALUES(116,29,'delete_redirect','Can delete redirect');
INSERT INTO auth_permission VALUES(117,29,'view_redirect','Can view redirect');
INSERT INTO auth_permission VALUES(118,30,'add_embed','Can add embed');
INSERT INTO auth_permission VALUES(119,30,'change_embed','Can change embed');
INSERT INTO auth_permission VALUES(120,30,'delete_embed','Can delete embed');
INSERT INTO auth_permission VALUES(121,30,'view_embed','Can view embed');
INSERT INTO auth_permission VALUES(122,31,'add_userprofile','Can add user profile');
INSERT INTO auth_permission VALUES(123,31,'change_userprofile','Can change user profile');
INSERT INTO auth_permission VALUES(124,31,'delete_userprofile','Can delete user profile');
INSERT INTO auth_permission VALUES(125,31,'view_userprofile','Can view user profile');
INSERT INTO auth_permission VALUES(126,26,'view_document','Can view document');
INSERT INTO auth_permission VALUES(127,32,'add_uploadeddocument','Can add uploaded document');
INSERT INTO auth_permission VALUES(128,32,'change_uploadeddocument','Can change uploaded document');
INSERT INTO auth_permission VALUES(129,32,'delete_uploadeddocument','Can delete uploaded document');
INSERT INTO auth_permission VALUES(130,32,'view_uploadeddocument','Can view uploaded document');
INSERT INTO auth_permission VALUES(131,27,'view_image','Can view image');
INSERT INTO auth_permission VALUES(132,33,'add_rendition','Can add rendition');
INSERT INTO auth_permission VALUES(133,33,'change_rendition','Can change rendition');
INSERT INTO auth_permission VALUES(134,33,'delete_rendition','Can delete rendition');
INSERT INTO auth_permission VALUES(135,33,'view_rendition','Can view rendition');
INSERT INTO auth_permission VALUES(136,34,'add_uploadedimage','Can add uploaded image');
INSERT INTO auth_permission VALUES(137,34,'change_uploadedimage','Can change uploaded image');
INSERT INTO auth_permission VALUES(138,34,'delete_uploadedimage','Can delete uploaded image');
INSERT INTO auth_permission VALUES(139,34,'view_uploadedimage','Can view uploaded image');
INSERT INTO auth_permission VALUES(140,35,'add_query','Can add query');
INSERT INTO auth_permission VALUES(141,35,'change_query','Can change query');
INSERT INTO auth_permission VALUES(142,35,'delete_query','Can delete query');
INSERT INTO auth_permission VALUES(143,35,'view_query','Can view query');
INSERT INTO auth_permission VALUES(144,36,'add_querydailyhits','Can add Query Daily Hits');
INSERT INTO auth_permission VALUES(145,36,'change_querydailyhits','Can change Query Daily Hits');
INSERT INTO auth_permission VALUES(146,36,'delete_querydailyhits','Can delete Query Daily Hits');
INSERT INTO auth_permission VALUES(147,36,'view_querydailyhits','Can view Query Daily Hits');
INSERT INTO auth_permission VALUES(148,37,'add_indexentry','Can add index entry');
INSERT INTO auth_permission VALUES(149,37,'change_indexentry','Can change index entry');
INSERT INTO auth_permission VALUES(150,37,'delete_indexentry','Can delete index entry');
INSERT INTO auth_permission VALUES(151,37,'view_indexentry','Can view index entry');
INSERT INTO auth_permission VALUES(152,38,'add_sqliteftsindexentry','Can add sqliteftsindexentry');
INSERT INTO auth_permission VALUES(153,38,'change_sqliteftsindexentry','Can change sqliteftsindexentry');
INSERT INTO auth_permission VALUES(154,38,'delete_sqliteftsindexentry','Can delete sqliteftsindexentry');
INSERT INTO auth_permission VALUES(155,38,'view_sqliteftsindexentry','Can view sqliteftsindexentry');
INSERT INTO auth_permission VALUES(156,39,'add_tag','Can add tag');
INSERT INTO auth_permission VALUES(157,39,'change_tag','Can change tag');
INSERT INTO auth_permission VALUES(158,39,'delete_tag','Can delete tag');
INSERT INTO auth_permission VALUES(159,39,'view_tag','Can view tag');
INSERT INTO auth_permission VALUES(160,40,'add_taggeditem','Can add tagged item');
INSERT INTO auth_permission VALUES(161,40,'change_taggeditem','Can change tagged item');
INSERT INTO auth_permission VALUES(162,40,'delete_taggeditem','Can delete tagged item');
INSERT INTO auth_permission VALUES(163,40,'view_taggeditem','Can view tagged item');
INSERT INTO auth_permission VALUES(164,41,'add_logentry','Can add log entry');
INSERT INTO auth_permission VALUES(165,41,'change_logentry','Can change log entry');
INSERT INTO auth_permission VALUES(166,41,'delete_logentry','Can delete log entry');
INSERT INTO auth_permission VALUES(167,41,'view_logentry','Can view log entry');
INSERT INTO auth_permission VALUES(168,42,'add_permission','Can add permission');
INSERT INTO auth_permission VALUES(169,42,'change_permission','Can change permission');
INSERT INTO auth_permission VALUES(170,42,'delete_permission','Can delete permission');
INSERT INTO auth_permission VALUES(171,42,'view_permission','Can view permission');
INSERT INTO auth_permission VALUES(172,43,'add_group','Can add group');
INSERT INTO auth_permission VALUES(173,43,'change_group','Can change group');
INSERT INTO auth_permission VALUES(174,43,'delete_group','Can delete group');
INSERT INTO auth_permission VALUES(175,43,'view_group','Can view group');
INSERT INTO auth_permission VALUES(176,44,'add_user','Can add user');
INSERT INTO auth_permission VALUES(177,44,'change_user','Can change user');
INSERT INTO auth_permission VALUES(178,44,'delete_user','Can delete user');
INSERT INTO auth_permission VALUES(179,44,'view_user','Can view user');
INSERT INTO auth_permission VALUES(180,45,'add_contenttype','Can add content type');
INSERT INTO auth_permission VALUES(181,45,'change_contenttype','Can change content type');
INSERT INTO auth_permission VALUES(182,45,'delete_contenttype','Can delete content type');
INSERT INTO auth_permission VALUES(183,45,'view_contenttype','Can view content type');
INSERT INTO auth_permission VALUES(184,46,'add_session','Can add session');
INSERT INTO auth_permission VALUES(185,46,'change_session','Can change session');
INSERT INTO auth_permission VALUES(186,46,'delete_session','Can delete session');
INSERT INTO auth_permission VALUES(187,46,'view_session','Can view session');
CREATE TABLE IF NOT EXISTS "auth_group" ("id" integer NOT NULL PRIMARY KEY AUTOINCREMENT, "name" varchar(150) NOT NULL UNIQUE);
INSERT INTO auth_group VALUES(1,'Moderators');
INSERT INTO auth_group VALUES(2,'Editors');
CREATE TABLE IF NOT EXISTS "auth_user" ("id" integer NOT NULL PRIMARY KEY AUTOINCREMENT, "password" varchar(128) NOT NULL, "last_login" datetime NULL, "is_superuser" bool NOT NULL, "username" varchar(150) NOT NULL UNIQUE, "last_name" varchar(150) NOT NULL, "email" varchar(254) NOT NULL, "is_staff" bool NOT NULL, "is_active" bool NOT NULL, "date_joined" datetime NOT NULL, "first_name" varchar(150) NOT NULL);
INSERT INTO auth_user VALUES(1,'pbkdf2_sha256$720000$ECLaUnj17JqI6WazviDn15$r9lkXNk7CIe9j2QlYVlfeItv5t18mu0PY7rSaj5yBdM=',NULL,1,'fabiomen10','','fabiomendesilva@gmail.com',1,1,'2023-12-07 20:49:41.464684','');
CREATE TABLE IF NOT EXISTS "wagtailcore_collection" ("id" integer NOT NULL PRIMARY KEY AUTOINCREMENT, "path" varchar(255) NOT NULL UNIQUE, "depth" integer unsigned NOT NULL CHECK ("depth" >= 0), "numchild" integer unsigned NOT NULL CHECK ("numchild" >= 0), "name" varchar(255) NOT NULL);
INSERT INTO wagtailcore_collection VALUES(1,'0001',1,0,'Root');
CREATE TABLE IF NOT EXISTS "wagtailcore_groupcollectionpermission" ("id" integer NOT NULL PRIMARY KEY AUTOINCREMENT, "collection_id" integer NOT NULL REFERENCES "wagtailcore_collection" ("id") DEFERRABLE INITIALLY DEFERRED, "group_id" integer NOT NULL REFERENCES "auth_group" ("id") DEFERRABLE INITIALLY DEFERRED, "permission_id" integer NOT NULL REFERENCES "auth_permission" ("id") DEFERRABLE INITIALLY DEFERRED);
INSERT INTO wagtailcore_groupcollectionpermission VALUES(1,1,2,98);
INSERT INTO wagtailcore_groupcollectionpermission VALUES(2,1,1,98);
INSERT INTO wagtailcore_groupcollectionpermission VALUES(3,1,2,99);
INSERT INTO wagtailcore_groupcollectionpermission VALUES(4,1,1,99);
INSERT INTO wagtailcore_groupcollectionpermission VALUES(5,1,2,101);
INSERT INTO wagtailcore_groupcollectionpermission VALUES(6,1,1,101);
INSERT INTO wagtailcore_groupcollectionpermission VALUES(7,1,2,102);
INSERT INTO wagtailcore_groupcollectionpermission VALUES(8,1,1,102);
INSERT INTO wagtailcore_groupcollectionpermission VALUES(9,1,2,103);
INSERT INTO wagtailcore_groupcollectionpermission VALUES(10,1,1,103);
INSERT INTO wagtailcore_groupcollectionpermission VALUES(11,1,2,105);
INSERT INTO wagtailcore_groupcollectionpermission VALUES(12,1,1,105);
CREATE TABLE IF NOT EXISTS "wagtailcore_pageviewrestriction_groups" ("id" integer NOT NULL PRIMARY KEY AUTOINCREMENT, "pageviewrestriction_id" integer NOT NULL REFERENCES "wagtailcore_pageviewrestriction" ("id") DEFERRABLE INITIALLY DEFERRED, "group_id" integer NOT NULL REFERENCES "auth_group" ("id") DEFERRABLE INITIALLY DEFERRED);
CREATE TABLE IF NOT EXISTS "wagtailcore_pageviewrestriction" ("id" integer NOT NULL PRIMARY KEY AUTOINCREMENT, "password" varchar(255) NOT NULL, "page_id" integer NOT NULL REFERENCES "wagtailcore_page" ("id") DEFERRABLE INITIALLY DEFERRED, "restriction_type" varchar(20) NOT NULL);
CREATE TABLE IF NOT EXISTS "wagtailcore_collectionviewrestriction" ("id" integer NOT NULL PRIMARY KEY AUTOINCREMENT, "restriction_type" varchar(20) NOT NULL, "password" varchar(255) NOT NULL, "collection_id" integer NOT NULL REFERENCES "wagtailcore_collection" ("id") DEFERRABLE INITIALLY DEFERRED);
CREATE TABLE IF NOT EXISTS "wagtailcore_collectionviewrestriction_groups" ("id" integer NOT NULL PRIMARY KEY AUTOINCREMENT, "collectionviewrestriction_id" integer NOT NULL REFERENCES "wagtailcore_collectionviewrestriction" ("id") DEFERRABLE INITIALLY DEFERRED, "group_id" integer NOT NULL REFERENCES "auth_group" ("id") DEFERRABLE INITIALLY DEFERRED);
CREATE TABLE IF NOT EXISTS "home_homepage" ("page_ptr_id" integer NOT NULL PRIMARY KEY REFERENCES "wagtailcore_page" ("id") DEFERRABLE INITIALLY DEFERRED);
INSERT INTO home_homepage VALUES(3);
CREATE TABLE IF NOT EXISTS "django_session" ("session_key" varchar(40) NOT NULL PRIMARY KEY, "session_data" text NOT NULL, "expire_date" datetime NOT NULL);
CREATE TABLE IF NOT EXISTS "taggit_taggeditem" ("id" integer NOT NULL PRIMARY KEY AUTOINCREMENT, "object_id" integer NOT NULL, "content_type_id" integer NOT NULL REFERENCES "django_content_type" ("id") DEFERRABLE INITIALLY DEFERRED, "tag_id" integer NOT NULL REFERENCES "taggit_tag" ("id") DEFERRABLE INITIALLY DEFERRED);
CREATE TABLE IF NOT EXISTS "taggit_tag" ("id" integer NOT NULL PRIMARY KEY AUTOINCREMENT, "name" varchar(100) NOT NULL UNIQUE, "slug" varchar(100) NOT NULL UNIQUE);
CREATE TABLE IF NOT EXISTS "wagtailadmin_admin" ("id" integer NOT NULL PRIMARY KEY AUTOINCREMENT);
CREATE TABLE IF NOT EXISTS "wagtailcore_site" ("id" integer NOT NULL PRIMARY KEY AUTOINCREMENT, "hostname" varchar(255) NOT NULL, "port" integer NOT NULL, "is_default_site" bool NOT NULL, "root_page_id" integer NOT NULL REFERENCES "wagtailcore_page" ("id") DEFERRABLE INITIALLY DEFERRED, "site_name" varchar(255) NOT NULL);
INSERT INTO wagtailcore_site VALUES(2,'localhost',80,1,3,'');
CREATE TABLE IF NOT EXISTS "wagtailcore_task" ("id" integer NOT NULL PRIMARY KEY AUTOINCREMENT, "name" varchar(255) NOT NULL, "active" bool NOT NULL, "content_type_id" integer NOT NULL REFERENCES "django_content_type" ("id") DEFERRABLE INITIALLY DEFERRED);
INSERT INTO wagtailcore_task VALUES(1,'Moderators approval',1,4);
CREATE TABLE IF NOT EXISTS "wagtailcore_workflow" ("id" integer NOT NULL PRIMARY KEY AUTOINCREMENT, "name" varchar(255) NOT NULL, "active" bool NOT NULL);
INSERT INTO wagtailcore_workflow VALUES(1,'Moderators approval',1);
CREATE TABLE IF NOT EXISTS "wagtailcore_groupapprovaltask" ("task_ptr_id" integer NOT NULL PRIMARY KEY REFERENCES "wagtailcore_task" ("id") DEFERRABLE INITIALLY DEFERRED);
INSERT INTO wagtailcore_groupapprovaltask VALUES(1);
CREATE TABLE IF NOT EXISTS "wagtailcore_workflowpage" ("page_id" integer NOT NULL PRIMARY KEY REFERENCES "wagtailcore_page" ("id") DEFERRABLE INITIALLY DEFERRED, "workflow_id" integer NOT NULL REFERENCES "wagtailcore_workflow" ("id") DEFERRABLE INITIALLY DEFERRED);
INSERT INTO wagtailcore_workflowpage VALUES(1,1);
CREATE TABLE IF NOT EXISTS "wagtailcore_workflowtask" ("id" integer NOT NULL PRIMARY KEY AUTOINCREMENT, "sort_order" integer NULL, "task_id" integer NOT NULL REFERENCES "wagtailcore_task" ("id") DEFERRABLE INITIALLY DEFERRED, "workflow_id" integer NOT NULL REFERENCES "wagtailcore_workflow" ("id") DEFERRABLE INITIALLY DEFERRED);
INSERT INTO wagtailcore_workflowtask VALUES(1,0,1,1);
CREATE TABLE IF NOT EXISTS "wagtailcore_groupapprovaltask_groups" ("id" integer NOT NULL PRIMARY KEY AUTOINCREMENT, "groupapprovaltask_id" integer NOT NULL REFERENCES "wagtailcore_groupapprovaltask" ("task_ptr_id") DEFERRABLE INITIALLY DEFERRED, "group_id" integer NOT NULL REFERENCES "auth_group" ("id") DEFERRABLE INITIALLY DEFERRED);
INSERT INTO wagtailcore_groupapprovaltask_groups VALUES(1,1,1);
CREATE TABLE IF NOT EXISTS "wagtailcore_locale" ("id" integer NOT NULL PRIMARY KEY AUTOINCREMENT, "language_code" varchar(100) NOT NULL UNIQUE);
INSERT INTO wagtailcore_locale VALUES(1,'en');
CREATE TABLE IF NOT EXISTS "wagtailcore_page" ("id" integer NOT NULL PRIMARY KEY AUTOINCREMENT, "path" varchar(255) NOT NULL UNIQUE, "depth" integer unsigned NOT NULL CHECK ("depth" >= 0), "numchild" integer unsigned NOT NULL CHECK ("numchild" >= 0), "title" varchar(255) NOT NULL, "slug" varchar(255) NOT NULL, "live" bool NOT NULL, "has_unpublished_changes" bool NOT NULL, "url_path" text NOT NULL, "seo_title" varchar(255) NOT NULL, "show_in_menus" bool NOT NULL, "search_description" text NOT NULL, "go_live_at" datetime NULL, "expire_at" datetime NULL, "expired" bool NOT NULL, "content_type_id" integer NOT NULL REFERENCES "django_content_type" ("id") DEFERRABLE INITIALLY DEFERRED, "owner_id" integer NULL REFERENCES "auth_user" ("id") DEFERRABLE INITIALLY DEFERRED, "locked" bool NOT NULL, "latest_revision_created_at" datetime NULL, "first_published_at" datetime NULL, "live_revision_id" integer NULL REFERENCES "wagtailcore_revision" ("id") DEFERRABLE INITIALLY DEFERRED, "last_published_at" datetime NULL, "draft_title" varchar(255) NOT NULL, "locked_at" datetime NULL, "locked_by_id" integer NULL REFERENCES "auth_user" ("id") DEFERRABLE INITIALLY DEFERRED, "locale_id" integer NOT NULL REFERENCES "wagtailcore_locale" ("id") DEFERRABLE INITIALLY DEFERRED, "translation_key" char(32) NOT NULL, "alias_of_id" integer NULL REFERENCES "wagtailcore_page" ("id") DEFERRABLE INITIALLY DEFERRED, "latest_revision_id" integer NULL REFERENCES "wagtailcore_revision" ("id") DEFERRABLE INITIALLY DEFERRED);
INSERT INTO wagtailcore_page VALUES(1,'0001',1,1,'Root','root',1,0,'/','',0,'',NULL,NULL,0,1,NULL,0,NULL,NULL,NULL,NULL,'Root',NULL,NULL,1,'04ef3252eccb435aa7f6304fcfe72e4a',NULL,NULL);
INSERT INTO wagtailcore_page VALUES(3,'00010001',2,0,'Home','home',1,0,'/home/','',0,'',NULL,NULL,0,2,NULL,0,NULL,NULL,NULL,NULL,'Home',NULL,NULL,1,'cb703fcefb2f43e1b7572ed22eeadad3',NULL,NULL);
CREATE TABLE IF NOT EXISTS "wagtailcore_commentreply" ("id" integer NOT NULL PRIMARY KEY AUTOINCREMENT, "text" text NOT NULL, "created_at" datetime NOT NULL, "updated_at" datetime NOT NULL, "comment_id" integer NOT NULL REFERENCES "wagtailcore_comment" ("id") DEFERRABLE INITIALLY DEFERRED, "user_id" integer NOT NULL REFERENCES "auth_user" ("id") DEFERRABLE INITIALLY DEFERRED);
CREATE TABLE IF NOT EXISTS "wagtailcore_pagesubscription" ("id" integer NOT NULL PRIMARY KEY AUTOINCREMENT, "comment_notifications" bool NOT NULL, "page_id" integer NOT NULL REFERENCES "wagtailcore_page" ("id") DEFERRABLE INITIALLY DEFERRED, "user_id" integer NOT NULL REFERENCES "auth_user" ("id") DEFERRABLE INITIALLY DEFERRED);
CREATE TABLE IF NOT EXISTS "wagtailcore_comment" ("id" integer NOT NULL PRIMARY KEY AUTOINCREMENT, "text" text NOT NULL, "contentpath" text NOT NULL, "position" text NOT NULL, "created_at" datetime NOT NULL, "updated_at" datetime NOT NULL, "resolved_at" datetime NULL, "page_id" integer NOT NULL REFERENCES "wagtailcore_page" ("id") DEFERRABLE INITIALLY DEFERRED, "resolved_by_id" integer NULL REFERENCES "auth_user" ("id") DEFERRABLE INITIALLY DEFERRED, "user_id" integer NOT NULL REFERENCES "auth_user" ("id") DEFERRABLE INITIALLY DEFERRED, "revision_created_id" integer NULL REFERENCES "wagtailcore_revision" ("id") DEFERRABLE INITIALLY DEFERRED);
CREATE TABLE IF NOT EXISTS "wagtailcore_revision" ("id" integer NOT NULL PRIMARY KEY AUTOINCREMENT, "submitted_for_moderation" bool NOT NULL, "created_at" datetime NOT NULL, "approved_go_live_at" datetime NULL, "user_id" integer NULL REFERENCES "auth_user" ("id") DEFERRABLE INITIALLY DEFERRED, "content" text NOT NULL CHECK ((JSON_VALID("content") OR "content" IS NULL)), "object_id" varchar(255) NOT NULL, "content_type_id" integer NOT NULL REFERENCES "django_content_type" ("id") DEFERRABLE INITIALLY DEFERRED, "base_content_type_id" integer NOT NULL REFERENCES "django_content_type" ("id") DEFERRABLE INITIALLY DEFERRED, "object_str" text NOT NULL);
CREATE TABLE IF NOT EXISTS "wagtailcore_referenceindex" ("id" integer NOT NULL PRIMARY KEY AUTOINCREMENT, "object_id" varchar(255) NOT NULL, "to_object_id" varchar(255) NOT NULL, "model_path" text NOT NULL, "content_path" text NOT NULL, "content_path_hash" char(32) NOT NULL, "base_content_type_id" integer NOT NULL REFERENCES "django_content_type" ("id") DEFERRABLE INITIALLY DEFERRED, "content_type_id" integer NOT NULL REFERENCES "django_content_type" ("id") DEFERRABLE INITIALLY DEFERRED, "to_content_type_id" integer NOT NULL REFERENCES "django_content_type" ("id") DEFERRABLE INITIALLY DEFERRED);
CREATE TABLE IF NOT EXISTS "wagtailcore_taskstate" ("id" integer NOT NULL PRIMARY KEY AUTOINCREMENT, "status" varchar(50) NOT NULL, "started_at" datetime NOT NULL, "finished_at" datetime NULL, "content_type_id" integer NOT NULL REFERENCES "django_content_type" ("id") DEFERRABLE INITIALLY DEFERRED, "task_id" integer NOT NULL REFERENCES "wagtailcore_task" ("id") DEFERRABLE INITIALLY DEFERRED, "workflow_state_id" integer NOT NULL REFERENCES "wagtailcore_workflowstate" ("id") DEFERRABLE INITIALLY DEFERRED, "finished_by_id" integer NULL REFERENCES "auth_user" ("id") DEFERRABLE INITIALLY DEFERRED, "comment" text NOT NULL, "revision_id" integer NOT NULL REFERENCES "wagtailcore_revision" ("id") DEFERRABLE INITIALLY DEFERRED);
CREATE TABLE IF NOT EXISTS "wagtailcore_workflowstate" ("id" integer NOT NULL PRIMARY KEY AUTOINCREMENT, "status" varchar(50) NOT NULL, "created_at" datetime NOT NULL, "current_task_state_id" integer NULL UNIQUE REFERENCES "wagtailcore_taskstate" ("id") DEFERRABLE INITIALLY DEFERRED, "requested_by_id" integer NULL REFERENCES "auth_user" ("id") DEFERRABLE INITIALLY DEFERRED, "workflow_id" integer NOT NULL REFERENCES "wagtailcore_workflow" ("id") DEFERRABLE INITIALLY DEFERRED, "object_id" varchar(255) NOT NULL, "base_content_type_id" integer NOT NULL REFERENCES "django_content_type" ("id") DEFERRABLE INITIALLY DEFERRED, "content_type_id" integer NOT NULL REFERENCES "django_content_type" ("id") DEFERRABLE INITIALLY DEFERRED);
CREATE TABLE IF NOT EXISTS "wagtailcore_workflowcontenttype" ("content_type_id" integer NOT NULL PRIMARY KEY REFERENCES "django_content_type" ("id") DEFERRABLE INITIALLY DEFERRED, "workflow_id" integer NOT NULL REFERENCES "wagtailcore_workflow" ("id") DEFERRABLE INITIALLY DEFERRED);
CREATE TABLE IF NOT EXISTS "wagtailcore_grouppagepermission" ("id" integer NOT NULL PRIMARY KEY AUTOINCREMENT, "permission_type" varchar(20) NULL, "group_id" integer NOT NULL REFERENCES "auth_group" ("id") DEFERRABLE INITIALLY DEFERRED, "page_id" integer NOT NULL REFERENCES "wagtailcore_page" ("id") DEFERRABLE INITIALLY DEFERRED, "permission_id" integer NULL REFERENCES "auth_permission" ("id") DEFERRABLE INITIALLY DEFERRED, CONSTRAINT "permission_or_permission_type_not_null" CHECK (("permission_id" IS NOT NULL OR "permission_type" IS NOT NULL)), CONSTRAINT "unique_permission" UNIQUE ("group_id", "page_id", "permission_id"), CONSTRAINT "unique_permission_type" UNIQUE ("group_id", "page_id", "permission_type"));
INSERT INTO wagtailcore_grouppagepermission VALUES(1,'add',1,1,30);
INSERT INTO wagtailcore_grouppagepermission VALUES(2,'change',1,1,31);
INSERT INTO wagtailcore_grouppagepermission VALUES(3,'publish',1,1,36);
INSERT INTO wagtailcore_grouppagepermission VALUES(4,'add',2,1,30);
INSERT INTO wagtailcore_grouppagepermission VALUES(5,'change',2,1,31);
INSERT INTO wagtailcore_grouppagepermission VALUES(6,'lock',1,1,35);
INSERT INTO wagtailcore_grouppagepermission VALUES(7,'unlock',1,1,37);
CREATE TABLE IF NOT EXISTS "wagtailcore_modellogentry" ("id" integer NOT NULL PRIMARY KEY AUTOINCREMENT, "label" text NOT NULL, "action" varchar(255) NOT NULL, "timestamp" datetime NOT NULL, "content_changed" bool NOT NULL, "deleted" bool NOT NULL, "object_id" varchar(255) NOT NULL, "content_type_id" integer NULL REFERENCES "django_content_type" ("id") DEFERRABLE INITIALLY DEFERRED, "user_id" integer NULL, "uuid" char(32) NULL, "revision_id" integer NULL, "data" text NOT NULL CHECK ((JSON_VALID("data") OR "data" IS NULL)));
CREATE TABLE IF NOT EXISTS "wagtailcore_pagelogentry" ("id" integer NOT NULL PRIMARY KEY AUTOINCREMENT, "label" text NOT NULL, "action" varchar(255) NOT NULL, "timestamp" datetime NOT NULL, "content_changed" bool NOT NULL, "deleted" bool NOT NULL, "content_type_id" integer NULL REFERENCES "django_content_type" ("id") DEFERRABLE INITIALLY DEFERRED, "page_id" integer NOT NULL, "revision_id" integer NULL, "user_id" integer NULL, "uuid" char(32) NULL, "data" text NOT NULL CHECK ((JSON_VALID("data") OR "data" IS NULL)));
CREATE TABLE IF NOT EXISTS "wagtaildocs_document" ("id" integer NOT NULL PRIMARY KEY AUTOINCREMENT, "title" varchar(255) NOT NULL, "file" varchar(100) NOT NULL, "created_at" datetime NOT NULL, "uploaded_by_user_id" integer NULL REFERENCES "auth_user" ("id") DEFERRABLE INITIALLY DEFERRED, "collection_id" integer NOT NULL REFERENCES "wagtailcore_collection" ("id") DEFERRABLE INITIALLY DEFERRED, "file_size" integer unsigned NULL CHECK ("file_size" >= 0), "file_hash" varchar(40) NOT NULL);
CREATE TABLE IF NOT EXISTS "wagtaildocs_uploadeddocument" ("id" integer NOT NULL PRIMARY KEY AUTOINCREMENT, "file" varchar(200) NOT NULL, "uploaded_by_user_id" integer NULL REFERENCES "auth_user" ("id") DEFERRABLE INITIALLY DEFERRED);
CREATE TABLE IF NOT EXISTS "wagtailembeds_embed" ("id" integer NOT NULL PRIMARY KEY AUTOINCREMENT, "url" text NOT NULL, "max_width" smallint NULL, "type" varchar(10) NOT NULL, "html" text NOT NULL, "title" text NOT NULL, "author_name" text NOT NULL, "provider_name" text NOT NULL, "width" integer NULL, "height" integer NULL, "last_updated" datetime NOT NULL, "hash" varchar(32) NOT NULL UNIQUE, "thumbnail_url" text NOT NULL, "cache_until" datetime NULL);
CREATE TABLE IF NOT EXISTS "wagtailforms_formsubmission" ("id" integer NOT NULL PRIMARY KEY AUTOINCREMENT, "submit_time" datetime NOT NULL, "page_id" integer NOT NULL REFERENCES "wagtailcore_page" ("id") DEFERRABLE INITIALLY DEFERRED, "form_data" text NOT NULL CHECK ((JSON_VALID("form_data") OR "form_data" IS NULL)));
CREATE TABLE IF NOT EXISTS "wagtailimages_uploadedimage" ("id" integer NOT NULL PRIMARY KEY AUTOINCREMENT, "file" varchar(200) NOT NULL, "uploaded_by_user_id" integer NULL REFERENCES "auth_user" ("id") DEFERRABLE INITIALLY DEFERRED);
CREATE TABLE IF NOT EXISTS "wagtailimages_image" ("id" integer NOT NULL PRIMARY KEY AUTOINCREMENT, "title" varchar(255) NOT NULL, "width" integer NOT NULL, "height" integer NOT NULL, "created_at" datetime NOT NULL, "focal_point_x" integer unsigned NULL CHECK ("focal_point_x" >= 0), "focal_point_y" integer unsigned NULL CHECK ("focal_point_y" >= 0), "focal_point_width" integer unsigned NULL CHECK ("focal_point_width" >= 0), "focal_point_height" integer unsigned NULL CHECK ("focal_point_height" >= 0), "uploaded_by_user_id" integer NULL REFERENCES "auth_user" ("id") DEFERRABLE INITIALLY DEFERRED, "file_size" integer unsigned NULL CHECK ("file_size" >= 0), "collection_id" integer NOT NULL REFERENCES "wagtailcore_collection" ("id") DEFERRABLE INITIALLY DEFERRED, "file_hash" varchar(40) NOT NULL, "file" varchar(100) NOT NULL);
CREATE TABLE IF NOT EXISTS "wagtailimages_rendition" ("id" integer NOT NULL PRIMARY KEY AUTOINCREMENT, "width" integer NOT NULL, "height" integer NOT NULL, "focal_point_key" varchar(16) NOT NULL, "filter_spec" varchar(255) NOT NULL, "image_id" integer NOT NULL REFERENCES "wagtailimages_image" ("id") DEFERRABLE INITIALLY DEFERRED, "file" varchar(100) NOT NULL);
CREATE TABLE IF NOT EXISTS "wagtailredirects_redirect" ("id" integer NOT NULL PRIMARY KEY AUTOINCREMENT, "old_path" varchar(255) NOT NULL, "is_permanent" bool NOT NULL, "redirect_link" varchar(255) NOT NULL, "redirect_page_id" integer NULL REFERENCES "wagtailcore_page" ("id") DEFERRABLE INITIALLY DEFERRED, "site_id" integer NULL REFERENCES "wagtailcore_site" ("id") DEFERRABLE INITIALLY DEFERRED, "automatically_created" bool NOT NULL, "created_at" datetime NULL, "redirect_page_route_path" varchar(255) NOT NULL);
CREATE TABLE IF NOT EXISTS "wagtailsearch_query" ("id" integer NOT NULL PRIMARY KEY AUTOINCREMENT, "query_string" varchar(255) NOT NULL UNIQUE);
CREATE TABLE IF NOT EXISTS "wagtailsearch_querydailyhits" ("id" integer NOT NULL PRIMARY KEY AUTOINCREMENT, "date" date NOT NULL, "hits" integer NOT NULL, "query_id" integer NOT NULL REFERENCES "wagtailsearch_query" ("id") DEFERRABLE INITIALLY DEFERRED);
CREATE TABLE IF NOT EXISTS "wagtailsearch_indexentry" ("id" integer NOT NULL PRIMARY KEY AUTOINCREMENT, "object_id" varchar(50) NOT NULL, "title_norm" real NOT NULL, "content_type_id" integer NOT NULL REFERENCES "django_content_type" ("id") DEFERRABLE INITIALLY DEFERRED, "autocomplete" text NULL, "body" text NULL, "title" text NOT NULL);
PRAGMA writable_schema=ON;
INSERT INTO sqlite_schema(type,name,tbl_name,rootpage,sql)VALUES('table','wagtailsearch_indexentry_fts','wagtailsearch_indexentry_fts',0,'CREATE VIRTUAL TABLE wagtailsearch_indexentry_fts USING fts5(autocomplete, body, title)');
CREATE TABLE IF NOT EXISTS 'wagtailsearch_indexentry_fts_data'(id INTEGER PRIMARY KEY, block BLOB);
INSERT INTO wagtailsearch_indexentry_fts_data VALUES(1,X'');
INSERT INTO wagtailsearch_indexentry_fts_data VALUES(10,X'00000000000000');
CREATE TABLE IF NOT EXISTS 'wagtailsearch_indexentry_fts_idx'(segid, term, pgno, PRIMARY KEY(segid, term)) WITHOUT ROWID;
CREATE TABLE IF NOT EXISTS 'wagtailsearch_indexentry_fts_content'(id INTEGER PRIMARY KEY, c0, c1, c2);
CREATE TABLE IF NOT EXISTS 'wagtailsearch_indexentry_fts_docsize'(id INTEGER PRIMARY KEY, sz BLOB);
CREATE TABLE IF NOT EXISTS 'wagtailsearch_indexentry_fts_config'(k PRIMARY KEY, v) WITHOUT ROWID;
INSERT INTO wagtailsearch_indexentry_fts_config VALUES('version',4);
CREATE TABLE IF NOT EXISTS "wagtailusers_userprofile" ("id" integer NOT NULL PRIMARY KEY AUTOINCREMENT, "submitted_notifications" bool NOT NULL, "approved_notifications" bool NOT NULL, "rejected_notifications" bool NOT NULL, "user_id" integer NOT NULL UNIQUE REFERENCES "auth_user" ("id") DEFERRABLE INITIALLY DEFERRED, "preferred_language" varchar(10) NOT NULL, "current_time_zone" varchar(40) NOT NULL, "avatar" varchar(100) NOT NULL, "updated_comments_notifications" bool NOT NULL, "dismissibles" text NOT NULL CHECK ((JSON_VALID("dismissibles") OR "dismissibles" IS NULL)), "theme" varchar(40) NOT NULL);
DELETE FROM sqlite_sequence;
INSERT INTO sqlite_sequence VALUES('django_migrations',199);
INSERT INTO sqlite_sequence VALUES('django_admin_log',0);
INSERT INTO sqlite_sequence VALUES('django_content_type',46);
INSERT INTO sqlite_sequence VALUES('auth_permission',187);
INSERT INTO sqlite_sequence VALUES('auth_group',2);
INSERT INTO sqlite_sequence VALUES('auth_user',1);
INSERT INTO sqlite_sequence VALUES('wagtailcore_collection',1);
INSERT INTO sqlite_sequence VALUES('wagtailcore_pageviewrestriction',0);
INSERT INTO sqlite_sequence VALUES('taggit_tag',0);
INSERT INTO sqlite_sequence VALUES('auth_group_permissions',18);
INSERT INTO sqlite_sequence VALUES('wagtailcore_site',2);
INSERT INTO sqlite_sequence VALUES('wagtailcore_task',1);
INSERT INTO sqlite_sequence VALUES('wagtailcore_groupapprovaltask_groups',1);
INSERT INTO sqlite_sequence VALUES('wagtailcore_workflow',1);
INSERT INTO sqlite_sequence VALUES('wagtailcore_workflowtask',1);
INSERT INTO sqlite_sequence VALUES('wagtailcore_locale',1);
INSERT INTO sqlite_sequence VALUES('wagtailcore_page',3);
INSERT INTO sqlite_sequence VALUES('wagtailcore_comment',0);
INSERT INTO sqlite_sequence VALUES('wagtailcore_revision',0);
INSERT INTO sqlite_sequence VALUES('wagtailcore_taskstate',0);
INSERT INTO sqlite_sequence VALUES('wagtailcore_workflowstate',0);
INSERT INTO sqlite_sequence VALUES('wagtailcore_grouppagepermission',7);
INSERT INTO sqlite_sequence VALUES('wagtailcore_modellogentry',0);
INSERT INTO sqlite_sequence VALUES('wagtailcore_pagelogentry',0);
INSERT INTO sqlite_sequence VALUES('wagtailcore_groupcollectionpermission',12);
INSERT INTO sqlite_sequence VALUES('wagtaildocs_document',0);
INSERT INTO sqlite_sequence VALUES('wagtailembeds_embed',0);
INSERT INTO sqlite_sequence VALUES('wagtailforms_formsubmission',0);
INSERT INTO sqlite_sequence VALUES('wagtailimages_image',0);
INSERT INTO sqlite_sequence VALUES('wagtailimages_rendition',0);
INSERT INTO sqlite_sequence VALUES('wagtailredirects_redirect',0);
INSERT INTO sqlite_sequence VALUES('wagtailsearch_indexentry',0);
INSERT INTO sqlite_sequence VALUES('wagtailusers_userprofile',0);
CREATE UNIQUE INDEX "auth_group_permissions_group_id_permission_id_0cd325b0_uniq" ON "auth_group_permissions" ("group_id", "permission_id");
CREATE INDEX "auth_group_permissions_group_id_b120cbf9" ON "auth_group_permissions" ("group_id");
CREATE INDEX "auth_group_permissions_permission_id_84c5c92e" ON "auth_group_permissions" ("permission_id");
CREATE UNIQUE INDEX "auth_user_groups_user_id_group_id_94350c0c_uniq" ON "auth_user_groups" ("user_id", "group_id");
CREATE INDEX "auth_user_groups_user_id_6a12ed8b" ON "auth_user_groups" ("user_id");
CREATE INDEX "auth_user_groups_group_id_97559544" ON "auth_user_groups" ("group_id");
CREATE UNIQUE INDEX "auth_user_user_permissions_user_id_permission_id_14a6b632_uniq" ON "auth_user_user_permissions" ("user_id", "permission_id");
CREATE INDEX "auth_user_user_permissions_user_id_a95ead1b" ON "auth_user_user_permissions" ("user_id");
CREATE INDEX "auth_user_user_permissions_permission_id_1fbb5f2c" ON "auth_user_user_permissions" ("permission_id");
CREATE INDEX "django_admin_log_content_type_id_c4bce8eb" ON "django_admin_log" ("content_type_id");
CREATE INDEX "django_admin_log_user_id_c564eba6" ON "django_admin_log" ("user_id");
CREATE UNIQUE INDEX "django_content_type_app_label_model_76bd3d3b_uniq" ON "django_content_type" ("app_label", "model");
CREATE UNIQUE INDEX "auth_permission_content_type_id_codename_01ab375a_uniq" ON "auth_permission" ("content_type_id", "codename");
CREATE INDEX "auth_permission_content_type_id_2f476e4b" ON "auth_permission" ("content_type_id");
CREATE UNIQUE INDEX "wagtailcore_groupcollectionpermission_group_id_collection_id_permission_id_a21cefe9_uniq" ON "wagtailcore_groupcollectionpermission" ("group_id", "collection_id", "permission_id");
CREATE INDEX "wagtailcore_groupcollectionpermission_collection_id_5423575a" ON "wagtailcore_groupcollectionpermission" ("collection_id");
CREATE INDEX "wagtailcore_groupcollectionpermission_group_id_05d61460" ON "wagtailcore_groupcollectionpermission" ("group_id");
CREATE INDEX "wagtailcore_groupcollectionpermission_permission_id_1b626275" ON "wagtailcore_groupcollectionpermission" ("permission_id");
CREATE UNIQUE INDEX "wagtailcore_pageviewrestriction_groups_pageviewrestriction_id_group_id_d23f80bb_uniq" ON "wagtailcore_pageviewrestriction_groups" ("pageviewrestriction_id", "group_id");
CREATE INDEX "wagtailcore_pageviewrestriction_groups_pageviewrestriction_id_f147a99a" ON "wagtailcore_pageviewrestriction_groups" ("pageviewrestriction_id");
CREATE INDEX "wagtailcore_pageviewrestriction_groups_group_id_6460f223" ON "wagtailcore_pageviewrestriction_groups" ("group_id");
CREATE INDEX "wagtailcore_pageviewrestriction_page_id_15a8bea6" ON "wagtailcore_pageviewrestriction" ("page_id");
CREATE INDEX "wagtailcore_collectionviewrestriction_collection_id_761908ec" ON "wagtailcore_collectionviewrestriction" ("collection_id");
CREATE UNIQUE INDEX "wagtailcore_collectionviewrestriction_groups_collectionviewrestriction_id_group_id_988995ae_uniq" ON "wagtailcore_collectionviewrestriction_groups" ("collectionviewrestriction_id", "group_id");
CREATE INDEX "wagtailcore_collectionviewrestriction_groups_collectionviewrestriction_id_47320efd" ON "wagtailcore_collectionviewrestriction_groups" ("collectionviewrestriction_id");
CREATE INDEX "wagtailcore_collectionviewrestriction_groups_group_id_1823f2a3" ON "wagtailcore_collectionviewrestriction_groups" ("group_id");
CREATE INDEX "django_session_expire_date_a5c62663" ON "django_session" ("expire_date");
CREATE INDEX "taggit_taggeditem_object_id_e2d7d1df" ON "taggit_taggeditem" ("object_id");
CREATE INDEX "taggit_taggeditem_content_type_id_9957a03c" ON "taggit_taggeditem" ("content_type_id");
CREATE INDEX "taggit_taggeditem_tag_id_f4f5b767" ON "taggit_taggeditem" ("tag_id");
CREATE INDEX "taggit_taggeditem_content_type_id_object_id_196cc965_idx" ON "taggit_taggeditem" ("content_type_id", "object_id");
CREATE UNIQUE INDEX "taggit_taggeditem_content_type_id_object_id_tag_id_4bb97a8e_uniq" ON "taggit_taggeditem" ("content_type_id", "object_id", "tag_id");
CREATE UNIQUE INDEX "wagtailcore_site_hostname_port_2c626d70_uniq" ON "wagtailcore_site" ("hostname", "port");
CREATE INDEX "wagtailcore_site_hostname_96b20b46" ON "wagtailcore_site" ("hostname");
CREATE INDEX "wagtailcore_site_root_page_id_e02fb95c" ON "wagtailcore_site" ("root_page_id");
CREATE INDEX "wagtailcore_task_content_type_id_249ab8ba" ON "wagtailcore_task" ("content_type_id");
CREATE INDEX "wagtailcore_workflowpage_workflow_id_56f56ff6" ON "wagtailcore_workflowpage" ("workflow_id");
CREATE UNIQUE INDEX "wagtailcore_workflowtask_workflow_id_task_id_4ec7a62b_uniq" ON "wagtailcore_workflowtask" ("workflow_id", "task_id");
CREATE INDEX "wagtailcore_workflowtask_task_id_ce7716fe" ON "wagtailcore_workflowtask" ("task_id");
CREATE INDEX "wagtailcore_workflowtask_workflow_id_b9717175" ON "wagtailcore_workflowtask" ("workflow_id");
CREATE UNIQUE INDEX "wagtailcore_groupapprovaltask_groups_groupapprovaltask_id_group_id_bb5ee7eb_uniq" ON "wagtailcore_groupapprovaltask_groups" ("groupapprovaltask_id", "group_id");
CREATE INDEX "wagtailcore_groupapprovaltask_groups_groupapprovaltask_id_9a9255ea" ON "wagtailcore_groupapprovaltask_groups" ("groupapprovaltask_id");
CREATE INDEX "wagtailcore_groupapprovaltask_groups_group_id_2e64b61f" ON "wagtailcore_groupapprovaltask_groups" ("group_id");
CREATE UNIQUE INDEX "wagtailcore_page_translation_key_locale_id_9b041bad_uniq" ON "wagtailcore_page" ("translation_key", "locale_id");
CREATE INDEX "wagtailcore_page_slug_e7c11b8f" ON "wagtailcore_page" ("slug");
CREATE INDEX "wagtailcore_page_content_type_id_c28424df" ON "wagtailcore_page" ("content_type_id");
CREATE INDEX "wagtailcore_page_owner_id_fbf7c332" ON "wagtailcore_page" ("owner_id");
CREATE INDEX "wagtailcore_page_first_published_at_2b5dd637" ON "wagtailcore_page" ("first_published_at");
CREATE INDEX "wagtailcore_page_live_revision_id_930bd822" ON "wagtailcore_page" ("live_revision_id");
CREATE INDEX "wagtailcore_page_locked_by_id_bcb86245" ON "wagtailcore_page" ("locked_by_id");
CREATE INDEX "wagtailcore_page_locale_id_3c7e30a6" ON "wagtailcore_page" ("locale_id");
CREATE INDEX "wagtailcore_page_alias_of_id_12945502" ON "wagtailcore_page" ("alias_of_id");
CREATE INDEX "wagtailcore_commentreply_comment_id_afc7e027" ON "wagtailcore_commentreply" ("comment_id");
CREATE INDEX "wagtailcore_commentreply_user_id_d0b3b9c3" ON "wagtailcore_commentreply" ("user_id");
CREATE UNIQUE INDEX "wagtailcore_pagesubscription_page_id_user_id_0cef73ed_uniq" ON "wagtailcore_pagesubscription" ("page_id", "user_id");
CREATE INDEX "wagtailcore_pagesubscription_page_id_a085e7a6" ON "wagtailcore_pagesubscription" ("page_id");
CREATE INDEX "wagtailcore_pagesubscription_user_id_89d7def9" ON "wagtailcore_pagesubscription" ("user_id");
CREATE INDEX "wagtailcore_comment_page_id_108444b5" ON "wagtailcore_comment" ("page_id");
CREATE INDEX "wagtailcore_comment_resolved_by_id_a282aa0e" ON "wagtailcore_comment" ("resolved_by_id");
CREATE INDEX "wagtailcore_comment_user_id_0c577ca6" ON "wagtailcore_comment" ("user_id");
CREATE INDEX "wagtailcore_comment_revision_created_id_1d058279" ON "wagtailcore_comment" ("revision_created_id");
CREATE INDEX "wagtailcore_page_latest_revision_id_e60fef51" ON "wagtailcore_page" ("latest_revision_id");
CREATE INDEX "wagtailcore_revision_submitted_for_moderation_362afbff" ON "wagtailcore_revision" ("submitted_for_moderation");
CREATE INDEX "wagtailcore_revision_created_at_81450aa6" ON "wagtailcore_revision" ("created_at");
CREATE INDEX "wagtailcore_revision_approved_go_live_at_88d3dee5" ON "wagtailcore_revision" ("approved_go_live_at");
CREATE INDEX "wagtailcore_revision_user_id_03df83b0" ON "wagtailcore_revision" ("user_id");
CREATE INDEX "wagtailcore_revision_content_type_id_c8cb69c0" ON "wagtailcore_revision" ("content_type_id");
CREATE INDEX "wagtailcore_revision_base_content_type_id_5b4ef7bd" ON "wagtailcore_revision" ("base_content_type_id");
CREATE INDEX "content_object_idx" ON "wagtailcore_revision" ("content_type_id", "object_id");
CREATE INDEX "base_content_object_idx" ON "wagtailcore_revision" ("base_content_type_id", "object_id");
CREATE UNIQUE INDEX "wagtailcore_referenceindex_base_content_type_id_object_id_to_content_type_id_to_object_id_content_path_hash_9e6ccd6a_uniq" ON "wagtailcore_referenceindex" ("base_content_type_id", "object_id", "to_content_type_id", "to_object_id", "content_path_hash");
CREATE INDEX "wagtailcore_referenceindex_base_content_type_id_313cf40f" ON "wagtailcore_referenceindex" ("base_content_type_id");
CREATE INDEX "wagtailcore_referenceindex_content_type_id_766e0336" ON "wagtailcore_referenceindex" ("content_type_id");
CREATE INDEX "wagtailcore_referenceindex_to_content_type_id_93690bbd" ON "wagtailcore_referenceindex" ("to_content_type_id");
CREATE INDEX "wagtailcore_taskstate_content_type_id_0a758fdc" ON "wagtailcore_taskstate" ("content_type_id");
CREATE INDEX "wagtailcore_taskstate_task_id_c3677c34" ON "wagtailcore_taskstate" ("task_id");
CREATE INDEX "wagtailcore_taskstate_workflow_state_id_9239a775" ON "wagtailcore_taskstate" ("workflow_state_id");
CREATE INDEX "wagtailcore_taskstate_finished_by_id_13f98229" ON "wagtailcore_taskstate" ("finished_by_id");
CREATE INDEX "wagtailcore_taskstate_revision_id_df25a499" ON "wagtailcore_taskstate" ("revision_id");
CREATE UNIQUE INDEX "unique_in_progress_workflow" ON "wagtailcore_workflowstate" ("base_content_type_id", "object_id") WHERE "status" IN ('in_progress', 'needs_changes');
CREATE INDEX "wagtailcore_workflowstate_requested_by_id_4090bca3" ON "wagtailcore_workflowstate" ("requested_by_id");
CREATE INDEX "wagtailcore_workflowstate_workflow_id_1f18378f" ON "wagtailcore_workflowstate" ("workflow_id");
CREATE INDEX "wagtailcore_workflowstate_base_content_type_id_a30dc576" ON "wagtailcore_workflowstate" ("base_content_type_id");
CREATE INDEX "wagtailcore_workflowstate_content_type_id_2bb78ce1" ON "wagtailcore_workflowstate" ("content_type_id");
CREATE INDEX "workflowstate_ct_id_idx" ON "wagtailcore_workflowstate" ("content_type_id", "object_id");
CREATE INDEX "workflowstate_base_ct_id_idx" ON "wagtailcore_workflowstate" ("base_content_type_id", "object_id");
CREATE INDEX "wagtailcore_workflowcontenttype_workflow_id_9aad7cd2" ON "wagtailcore_workflowcontenttype" ("workflow_id");
CREATE INDEX "wagtailcore_grouppagepermission_group_id_fc07e671" ON "wagtailcore_grouppagepermission" ("group_id");
CREATE INDEX "wagtailcore_grouppagepermission_page_id_710b114a" ON "wagtailcore_grouppagepermission" ("page_id");
CREATE INDEX "wagtailcore_grouppagepermission_permission_id_05acb22e" ON "wagtailcore_grouppagepermission" ("permission_id");
CREATE INDEX "wagtailcore_modellogentry_action_d2d856ee" ON "wagtailcore_modellogentry" ("action");
CREATE INDEX "wagtailcore_modellogentry_timestamp_9694521b" ON "wagtailcore_modellogentry" ("timestamp");
CREATE INDEX "wagtailcore_modellogentry_content_changed_8bc39742" ON "wagtailcore_modellogentry" ("content_changed");
CREATE INDEX "wagtailcore_modellogentry_object_id_e0e7d4ef" ON "wagtailcore_modellogentry" ("object_id");
CREATE INDEX "wagtailcore_modellogentry_content_type_id_68849e77" ON "wagtailcore_modellogentry" ("content_type_id");
CREATE INDEX "wagtailcore_modellogentry_user_id_0278d1bf" ON "wagtailcore_modellogentry" ("user_id");
CREATE INDEX "wagtailcore_modellogentry_revision_id_df6ca33a" ON "wagtailcore_modellogentry" ("revision_id");
CREATE INDEX "wagtailcore_pagelogentry_action_c2408198" ON "wagtailcore_pagelogentry" ("action");
CREATE INDEX "wagtailcore_pagelogentry_timestamp_deb774c4" ON "wagtailcore_pagelogentry" ("timestamp");
CREATE INDEX "wagtailcore_pagelogentry_content_changed_99f27ade" ON "wagtailcore_pagelogentry" ("content_changed");
CREATE INDEX "wagtailcore_pagelogentry_content_type_id_74e7708a" ON "wagtailcore_pagelogentry" ("content_type_id");
CREATE INDEX "wagtailcore_pagelogentry_page_id_8464e327" ON "wagtailcore_pagelogentry" ("page_id");
CREATE INDEX "wagtailcore_pagelogentry_revision_id_8043d103" ON "wagtailcore_pagelogentry" ("revision_id");
CREATE INDEX "wagtailcore_pagelogentry_user_id_604ccfd8" ON "wagtailcore_pagelogentry" ("user_id");
CREATE INDEX "wagtaildocs_document_uploaded_by_user_id_17258b41" ON "wagtaildocs_document" ("uploaded_by_user_id");
CREATE INDEX "wagtaildocs_document_collection_id_23881625" ON "wagtaildocs_document" ("collection_id");
CREATE INDEX "wagtaildocs_uploadeddocument_uploaded_by_user_id_8dd61a73" ON "wagtaildocs_uploadeddocument" ("uploaded_by_user_id");
CREATE INDEX "wagtailembeds_embed_cache_until_26c94bb0" ON "wagtailembeds_embed" ("cache_until");
CREATE INDEX "wagtailforms_formsubmission_page_id_e48e93e7" ON "wagtailforms_formsubmission" ("page_id");
CREATE INDEX "wagtailimages_uploadedimage_uploaded_by_user_id_85921689" ON "wagtailimages_uploadedimage" ("uploaded_by_user_id");
CREATE INDEX "wagtailimages_image_created_at_86fa6cd4" ON "wagtailimages_image" ("created_at");
CREATE INDEX "wagtailimages_image_uploaded_by_user_id_5d73dc75" ON "wagtailimages_image" ("uploaded_by_user_id");
CREATE INDEX "wagtailimages_image_collection_id_c2f8af7e" ON "wagtailimages_image" ("collection_id");
CREATE INDEX "wagtailimages_image_file_hash_fb5bbb23" ON "wagtailimages_image" ("file_hash");
CREATE UNIQUE INDEX "wagtailimages_rendition_image_id_filter_spec_focal_point_key_323c8fe0_uniq" ON "wagtailimages_rendition" ("image_id", "filter_spec", "focal_point_key");
CREATE INDEX "wagtailimages_rendition_filter_spec_1cba3201" ON "wagtailimages_rendition" ("filter_spec");
CREATE INDEX "wagtailimages_rendition_image_id_3e1fd774" ON "wagtailimages_rendition" ("image_id");
CREATE UNIQUE INDEX "wagtailredirects_redirect_old_path_site_id_783622d7_uniq" ON "wagtailredirects_redirect" ("old_path", "site_id");
CREATE INDEX "wagtailredirects_redirect_old_path_bb35247b" ON "wagtailredirects_redirect" ("old_path");
CREATE INDEX "wagtailredirects_redirect_redirect_page_id_b5728a8f" ON "wagtailredirects_redirect" ("redirect_page_id");
CREATE INDEX "wagtailredirects_redirect_site_id_780a0e1e" ON "wagtailredirects_redirect" ("site_id");
CREATE UNIQUE INDEX "wagtailsearch_querydailyhits_query_id_date_1dd232e6_uniq" ON "wagtailsearch_querydailyhits" ("query_id", "date");
CREATE INDEX "wagtailsearch_querydailyhits_query_id_2185994b" ON "wagtailsearch_querydailyhits" ("query_id");
CREATE UNIQUE INDEX "wagtailsearch_indexentry_content_type_id_object_id_bcd7ba73_uniq" ON "wagtailsearch_indexentry" ("content_type_id", "object_id");
CREATE INDEX "wagtailsearch_indexentry_content_type_id_62ed694f" ON "wagtailsearch_indexentry" ("content_type_id");
CREATE TRIGGER insert_wagtailsearch_indexentry_fts AFTER INSERT ON wagtailsearch_indexentry BEGIN INSERT INTO wagtailsearch_indexentry_fts(title, body, autocomplete, rowid) VALUES (NEW.title, NEW.body, NEW.autocomplete, NEW.id); END;
CREATE TRIGGER update_wagtailsearch_indexentry_fts AFTER UPDATE ON wagtailsearch_indexentry BEGIN UPDATE wagtailsearch_indexentry_fts SET title=NEW.title, body=NEW.body, autocomplete=NEW.autocomplete WHERE rowid=NEW.id; END;
CREATE TRIGGER delete_wagtailsearch_indexentry_fts AFTER DELETE ON wagtailsearch_indexentry BEGIN DELETE FROM wagtailsearch_indexentry_fts WHERE rowid=OLD.id; END;
PRAGMA writable_schema=OFF;
COMMIT;
